grid_lat,grid_lon,date,temperature,humidity,wind_speed,rainfall
29.0,73.125,2023-01-01,15.25,35.23,1.98,0.0
29.0,73.75,2023-01-01,14.92,33.62,1.51,0.0
29.0,74.375,2023-01-01,14.59,34.16,1.12,0.0
29.0,75.0,2023-01-01,14.21,36.32,0.99,0.0
29.0,75.625,2023-01-01,13.68,40.29,1.15,0.0
29.0,76.25,2023-01-01,13.02,48.8,1.15,0.0
29.0,76.875,2023-01-01,12.79,52.27,1.06,0.0
29.5,73.125,2023-01-01,14.91,34.75,1.99,0.0
29.5,73.75,2023-01-01,14.69,33.77,1.49,0.0
29.5,74.375,2023-01-01,14.46,33.89,1.14,0.0
29.5,75.0,2023-01-01,13.95,35.59,1.02,0.0
29.5,75.625,2023-01-01,13.42,41.21,1.14,0.0
29.5,76.25,2023-01-01,12.88,50.22,1.09,0.0
29.5,76.875,2023-01-01,12.34,57.94,1.16,0.0
30.0,73.125,2023-01-01,14.6,34.07,1.89,0.0
30.0,73.75,2023-01-01,14.34,33.3,1.46,0.0
30.0,74.375,2023-01-01,13.94,33.42,1.15,0.0
30.0,75.0,2023-01-01,13.36,36.85,1.08,0.0
30.0,75.625,2023-01-01,12.83,45.13,1.12,0.0
30.0,76.25,2023-01-01,12.29,54.74,1.17,0.0
30.0,76.875,2023-01-01,12.18,61.99,1.13,0.0
30.5,73.125,2023-01-01,14.08,33.9,1.66,0.0
30.5,73.75,2023-01-01,13.61,34.32,1.35,0.0
30.5,74.375,2023-01-01,13.07,36.33,1.1,0.0
30.5,75.0,2023-01-01,12.61,41.68,1.1,0.0
30.5,75.625,2023-01-01,12.2,49.91,1.1,0.0
30.5,76.25,2023-01-01,12.16,57.82,1.11,0.0
30.5,76.875,2023-01-01,12.53,61.01,1.09,0.0
31.0,73.125,2023-01-01,13.13,36.04,1.44,0.0
31.0,73.75,2023-01-01,12.66,37.81,1.21,0.0
31.0,74.375,2023-01-01,12.24,43.32,1.11,0.0
31.0,75.0,2023-01-01,12.14,49.19,1.11,0.0
31.0,75.625,2023-01-01,12.03,55.25,0.99,0.0
31.0,76.25,2023-01-01,12.69,59.03,1.01,0.0
31.0,76.875,2023-01-01,10.3,63.16,1.11,0.0
31.5,73.125,2023-01-01,11.74,41.55,1.21,0.0
31.5,73.75,2023-01-01,11.96,45.63,1.12,0.0
31.5,74.375,2023-01-01,11.95,51.44,1.05,0.0
31.5,75.0,2023-01-01,11.93,56.31,1.04,0.0
31.5,75.625,2023-01-01,11.84,61.48,0.91,0.0
31.5,76.25,2023-01-01,12.28,59.94,1.03,0.0
31.5,76.875,2023-01-01,8.53,56.88,0.98,0.0
32.0,73.125,2023-01-01,11.56,43.77,0.94,0.0
32.0,73.75,2023-01-01,11.7,54.23,0.9,0.0
32.0,74.375,2023-01-01,11.84,59.1,0.93,0.0
32.0,75.0,2023-01-01,12.1,60.23,0.88,0.0
32.0,75.625,2023-01-01,12.12,61.45,0.99,0.0
32.0,76.25,2023-01-01,9.29,56.72,0.92,0.0
32.0,76.875,2023-01-01,1.75,50.25,1.07,0.0
32.5,73.125,2023-01-01,11.52,45.47,0.91,0.0
32.5,73.75,2023-01-01,11.92,54.89,0.9,0.0
32.5,74.375,2023-01-01,12.39,57.54,0.86,0.0
32.5,75.0,2023-01-01,12.09,56.88,1.0,0.0
32.5,75.625,2023-01-01,9.23,57.17,1.07,0.0
32.5,76.25,2023-01-01,0.77,56.51,1.06,0.0
32.5,76.875,2023-01-01,-11.38,55.11,1.19,0.0
33.0,73.125,2023-01-01,10.68,53.15,0.89,0.0
33.0,73.75,2023-01-01,12.39,50.4,1.13,0.0
33.0,74.375,2023-01-01,11.06,51.58,1.13,0.0
33.0,75.0,2023-01-01,8.09,52.41,1.12,0.0
33.0,75.625,2023-01-01,2.84,54.45,1.12,0.0
33.0,76.25,2023-01-01,-7.36,58.49,1.21,0.0
33.0,76.875,2023-01-01,-18.35,58.29,1.46,0.0
29.0,73.125,2023-01-02,13.65,32.02,1.89,0.0
29.0,73.75,2023-01-02,12.97,36.38,1.78,0.0
29.0,74.375,2023-01-02,12.57,37.52,1.51,0.0
29.0,75.0,2023-01-02,12.39,38.55,1.22,0.0
29.0,75.625,2023-01-02,12.58,39.53,1.05,0.0
29.0,76.25,2023-01-02,12.5,45.31,0.86,0.0
29.0,76.875,2023-01-02,12.04,51.8,1.03,0.0
29.5,73.125,2023-01-02,13.41,31.96,1.67,0.0
29.5,73.75,2023-01-02,12.81,35.06,1.56,0.0
29.5,74.375,2023-01-02,12.5,35.97,1.29,0.0
29.5,75.0,2023-01-02,12.35,37.09,1.07,0.0
29.5,75.625,2023-01-02,12.53,38.34,0.96,0.0
29.5,76.25,2023-01-02,12.13,46.16,0.9,0.0
29.5,76.875,2023-01-02,11.47,56.83,1.17,0.0
30.0,73.125,2023-01-02,13.24,31.36,1.53,0.0
30.0,73.75,2023-01-02,12.71,33.37,1.41,0.0
30.0,74.375,2023-01-02,12.48,34.88,1.15,0.0
30.0,75.0,2023-01-02,12.36,36.26,1.04,0.0
30.0,75.625,2023-01-02,12.11,40.16,0.91,0.0
30.0,76.25,2023-01-02,11.49,52.19,1.13,0.0
30.0,76.875,2023-01-02,11.59,61.87,1.07,0.0
30.5,73.125,2023-01-02,12.84,31.83,1.43,0.0
30.5,73.75,2023-01-02,12.54,34.56,1.28,0.0
30.5,74.375,2023-01-02,12.48,36.43,1.02,0.0
30.5,75.0,2023-01-02,12.34,38.19,0.95,0.0
30.5,75.625,2023-01-02,11.65,45.8,1.01,0.0
30.5,76.25,2023-01-02,11.59,56.42,1.21,0.0
30.5,76.875,2023-01-02,11.91,60.74,1.16,0.0
31.0,73.125,2023-01-02,12.31,35.15,1.34,0.0
31.0,73.75,2023-01-02,12.28,37.38,1.14,0.0
31.0,74.375,2023-01-02,12.38,38.7,0.94,0.0
31.0,75.0,2023-01-02,12.14,41.54,0.95,0.0
31.0,75.625,2023-01-02,11.55,51.47,1.06,0.0
31.0,76.25,2023-01-02,12.1,56.77,1.25,0.0
31.0,76.875,2023-01-02,9.6,64.67,1.39,0.0
31.5,73.125,2023-01-02,11.92,39.6,1.15,0.0
31.5,73.75,2023-01-02,12.1,39.35,1.04,0.0
31.5,74.375,2023-01-02,12.25,40.31,0.99,0.0
31.5,75.0,2023-01-02,11.69,46.46,1.02,0.0
31.5,75.625,2023-01-02,11.51,55.58,1.04,0.0
31.5,76.25,2023-01-02,11.81,57.45,1.22,0.0
31.5,76.875,2023-01-02,7.78,61.74,1.32,0.0
32.0,73.125,2023-01-02,11.8,42.68,1.02,0.0
32.0,73.75,2023-01-02,11.74,44.7,1.02,0.0
32.0,74.375,2023-01-02,11.57,48.68,1.04,0.0
32.0,75.0,2023-01-02,11.37,55.22,1.06,0.0
32.0,75.625,2023-01-02,11.68,57.7,1.12,0.0
32.0,76.25,2023-01-02,8.59,58.57,1.15,0.0
32.0,76.875,2023-01-02,0.75,63.11,1.28,0.0
32.5,73.125,2023-01-02,10.96,48.14,1.15,0.0
32.5,73.75,2023-01-02,11.4,53.18,1.03,0.0
32.5,74.375,2023-01-02,11.74,53.97,1.05,0.0
32.5,75.0,2023-01-02,11.17,55.06,1.22,0.0
32.5,75.625,2023-01-02,8.39,56.67,1.29,0.0
32.5,76.25,2023-01-02,-0.09,65.2,1.33,0.0
32.5,76.875,2023-01-02,-12.83,84.96,1.58,0.0
33.0,73.125,2023-01-02,9.69,57.81,1.16,0.0
33.0,73.75,2023-01-02,11.26,54.21,1.32,0.0
33.0,74.375,2023-01-02,9.89,52.15,1.33,0.0
33.0,75.0,2023-01-02,7.07,52.08,1.35,0.0
33.0,75.625,2023-01-02,2.04,56.91,1.29,0.0
33.0,76.25,2023-01-02,-8.81,78.29,1.44,0.0
33.0,76.875,2023-01-02,-20.27,95.53,1.76,0.0
29.0,73.125,2023-01-03,12.67,28.0,1.93,0.0
29.0,73.75,2023-01-03,12.1,30.44,1.75,0.0
29.0,74.375,2023-01-03,11.7,31.57,1.5,0.0
29.0,75.0,2023-01-03,11.45,32.79,1.36,0.0
29.0,75.625,2023-01-03,11.44,33.67,1.28,0.0
29.0,76.25,2023-01-03,10.4,43.29,1.46,0.0
29.0,76.875,2023-01-03,9.57,52.19,1.78,0.0
29.5,73.125,2023-01-03,12.4,27.36,1.45,0.0
29.5,73.75,2023-01-03,12.06,28.59,1.33,0.0
29.5,74.375,2023-01-03,11.71,29.33,1.21,0.0
29.5,75.0,2023-01-03,11.5,30.23,1.2,0.0
29.5,75.625,2023-01-03,10.97,33.84,1.43,0.0
29.5,76.25,2023-01-03,9.59,46.55,1.76,0.0
29.5,76.875,2023-01-03,9.33,57.77,2.0,0.0
30.0,73.125,2023-01-03,12.11,28.09,1.3,0.0
30.0,73.75,2023-01-03,12.0,28.08,1.18,0.0
30.0,74.375,2023-01-03,11.82,29.45,1.09,0.0
30.0,75.0,2023-01-03,11.43,32.33,1.23,0.0
30.0,75.625,2023-01-03,10.23,40.01,1.59,0.0
30.0,76.25,2023-01-03,9.34,51.89,2.0,0.0
30.0,76.875,2023-01-03,10.07,60.39,2.07,0.0
30.5,73.125,2023-01-03,11.96,29.26,1.3,0.0
30.5,73.75,2023-01-03,12.07,29.27,1.14,0.0
30.5,74.375,2023-01-03,11.9,31.79,1.12,0.0
30.5,75.0,2023-01-03,11.18,36.1,1.37,0.0
30.5,75.625,2023-01-03,9.84,45.14,1.64,0.0
30.5,76.25,2023-01-03,9.76,54.83,2.03,0.0
30.5,76.875,2023-01-03,10.81,58.98,1.85,0.0
31.0,73.125,2023-01-03,12.04,31.44,1.25,0.0
31.0,73.75,2023-01-03,12.09,31.44,1.18,0.0
31.0,74.375,2023-01-03,11.71,35.36,1.28,0.0
31.0,75.0,2023-01-03,10.91,40.73,1.49,0.0
31.0,75.625,2023-01-03,10.03,48.99,1.66,0.0
31.0,76.25,2023-01-03,10.6,54.86,1.81,0.0
31.0,76.875,2023-01-03,8.29,64.35,1.46,0.0
31.5,73.125,2023-01-03,11.58,37.73,1.21,0.0
31.5,73.75,2023-01-03,11.72,36.66,1.32,0.0
31.5,74.375,2023-01-03,11.41,39.18,1.43,0.0
31.5,75.0,2023-01-03,10.73,45.97,1.56,0.0
31.5,75.625,2023-01-03,10.4,52.64,1.68,0.0
31.5,76.25,2023-01-03,10.69,55.34,1.6,0.0
31.5,76.875,2023-01-03,6.68,61.03,1.23,0.0
32.0,73.125,2023-01-03,11.24,44.89,1.36,0.0
32.0,73.75,2023-01-03,11.25,45.72,1.37,0.0
32.0,74.375,2023-01-03,10.9,47.92,1.43,0.0
32.0,75.0,2023-01-03,10.8,51.19,1.54,0.0
32.0,75.625,2023-01-03,10.96,53.53,1.58,0.0
32.0,76.25,2023-01-03,7.69,56.86,1.31,0.0
32.0,76.875,2023-01-03,-0.23,62.3,1.25,0.0
32.5,73.125,2023-01-03,9.76,54.27,1.63,0.0
32.5,73.75,2023-01-03,10.52,55.42,1.53,0.0
32.5,74.375,2023-01-03,11.02,52.45,1.5,0.0
32.5,75.0,2023-01-03,10.6,50.99,1.5,0.0
32.5,75.625,2023-01-03,7.87,53.21,1.36,0.0
32.5,76.25,2023-01-03,-0.84,62.8,1.22,0.0
32.5,76.875,2023-01-03,-14.02,83.1,1.4,0.0
33.0,73.125,2023-01-03,8.54,59.6,1.64,0.0
33.0,73.75,2023-01-03,10.75,52.49,1.64,0.0
33.0,74.375,2023-01-03,9.52,50.62,1.6,0.0
33.0,75.0,2023-01-03,6.78,51.48,1.29,0.0
33.0,75.625,2023-01-03,1.79,55.36,1.1,0.0
33.0,76.25,2023-01-03,-9.36,74.1,1.25,0.0
33.0,76.875,2023-01-03,-21.35,90.55,1.47,0.0
29.0,73.125,2023-01-04,11.88,27.1,1.34,0.0
29.0,73.75,2023-01-04,11.74,29.29,1.21,0.0
29.0,74.375,2023-01-04,11.82,29.94,0.96,0.0
29.0,75.0,2023-01-04,11.39,32.26,0.93,0.0
29.0,75.625,2023-01-04,10.61,35.44,1.31,0.0
29.0,76.25,2023-01-04,9.11,47.21,1.6,0.0
29.0,76.875,2023-01-04,8.44,55.04,1.72,0.0
29.5,73.125,2023-01-04,12.44,25.09,1.04,0.0
29.5,73.75,2023-01-04,12.37,26.78,0.8,0.0
29.5,74.375,2023-01-04,12.16,27.93,0.74,0.0
29.5,75.0,2023-01-04,11.32,30.71,1.11,0.0
29.5,75.625,2023-01-04,10.11,36.34,1.56,0.0
29.5,76.25,2023-01-04,8.76,48.97,1.86,0.0
29.5,76.875,2023-01-04,8.6,58.86,1.97,0.0
30.0,73.125,2023-01-04,12.78,25.35,0.81,0.0
30.0,73.75,2023-01-04,12.55,25.72,0.72,0.0
30.0,74.375,2023-01-04,11.96,27.62,0.97,0.0
30.0,75.0,2023-01-04,10.93,31.8,1.37,0.0
30.0,75.625,2023-01-04,9.52,40.69,1.71,0.0
30.0,76.25,2023-01-04,8.78,51.96,2.14,0.0
30.0,76.875,2023-01-04,9.56,59.51,1.9,0.0
30.5,73.125,2023-01-04,12.41,29.2,0.87,0.0
30.5,73.75,2023-01-04,12.11,28.18,0.97,0.0
30.5,74.375,2023-01-04,11.41,30.58,1.24,0.0
30.5,75.0,2023-01-04,10.4,35.6,1.5,0.0
30.5,75.625,2023-01-04,9.23,44.74,1.71,0.0
30.5,76.25,2023-01-04,9.24,54.18,2.09,0.0
30.5,76.875,2023-01-04,10.73,52.64,1.71,0.0
31.0,73.125,2023-01-04,11.74,35.01,1.14,0.0
31.0,73.75,2023-01-04,11.35,34.41,1.28,0.0
31.0,74.375,2023-01-04,10.73,36.71,1.44,0.0
31.0,75.0,2023-01-04,10.08,40.73,1.57,0.0
31.0,75.625,2023-01-04,9.44,48.93,1.66,0.0
31.0,76.25,2023-01-04,10.1,52.38,1.73,0.0
31.0,76.875,2023-01-04,8.74,49.02,1.65,0.0
31.5,73.125,2023-01-04,10.56,42.96,1.27,0.0
31.5,73.75,2023-01-04,10.29,44.47,1.47,0.0
31.5,74.375,2023-01-04,10.18,43.61,1.53,0.0
31.5,75.0,2023-01-04,9.84,46.74,1.51,0.0
31.5,75.625,2023-01-04,9.61,52.99,1.5,0.0
31.5,76.25,2023-01-04,10.41,48.89,1.44,0.0
31.5,76.875,2023-01-04,7.43,42.83,1.39,0.0
32.0,73.125,2023-01-04,10.2,48.13,1.4,0.0
32.0,73.75,2023-01-04,9.77,55.38,1.47,0.0
32.0,74.375,2023-01-04,9.9,53.41,1.41,0.0
32.0,75.0,2023-01-04,10.14,51.99,1.31,0.0
32.0,75.625,2023-01-04,10.64,49.59,1.24,0.0
32.0,76.25,2023-01-04,8.03,45.66,1.34,0.0
32.0,76.875,2023-01-04,0.25,44.07,1.62,0.0
32.5,73.125,2023-01-04,9.49,53.24,1.69,0.0
32.5,73.75,2023-01-04,9.92,61.12,1.52,0.0
32.5,74.375,2023-01-04,10.69,54.99,1.14,0.0
32.5,75.0,2023-01-04,10.62,47.82,1.18,0.0
32.5,75.625,2023-01-04,8.1,43.46,1.47,0.0
32.5,76.25,2023-01-04,-0.21,47.57,1.51,0.0
32.5,76.875,2023-01-04,-13.88,62.76,1.73,0.0
33.0,73.125,2023-01-04,8.1,61.68,1.75,0.0
33.0,73.75,2023-01-04,11.02,52.43,1.56,0.0
33.0,74.375,2023-01-04,9.89,47.83,1.53,0.0
33.0,75.0,2023-01-04,7.15,43.68,1.41,0.0
33.0,75.625,2023-01-04,2.14,42.82,1.42,0.0
33.0,76.25,2023-01-04,-9.14,56.02,1.65,0.0
33.0,76.875,2023-01-04,-21.11,72.79,1.87,0.0
29.0,73.125,2023-01-05,11.37,34.02,1.56,0.0
29.0,73.75,2023-01-05,11.18,35.16,1.46,0.0
29.0,74.375,2023-01-05,11.28,34.04,1.25,0.0
29.0,75.0,2023-01-05,11.26,33.49,1.04,0.0
29.0,75.625,2023-01-05,11.08,34.35,1.0,0.0
29.0,76.25,2023-01-05,9.8,45.52,1.19,0.0
29.0,76.875,2023-01-05,8.57,56.01,1.55,0.0
29.5,73.125,2023-01-05,11.98,29.15,1.16,0.0
29.5,73.75,2023-01-05,12.1,28.98,0.93,0.0
29.5,74.375,2023-01-05,12.1,27.49,0.69,0.0
29.5,75.0,2023-01-05,11.6,28.47,0.8,0.0
29.5,75.625,2023-01-05,10.72,33.19,1.12,0.0
29.5,76.25,2023-01-05,9.12,47.83,1.51,0.0
29.5,76.875,2023-01-05,8.31,59.32,1.72,0.0
30.0,73.125,2023-01-05,12.38,25.08,1.06,0.0
30.0,73.75,2023-01-05,12.62,24.71,0.66,0.0
30.0,74.375,2023-01-05,12.42,24.57,0.62,0.0
30.0,75.0,2023-01-05,11.62,28.17,0.94,0.0
30.0,75.625,2023-01-05,10.17,37.48,1.36,0.0
30.0,76.25,2023-01-05,8.92,51.25,1.77,0.0
30.0,76.875,2023-01-05,9.34,57.35,1.63,0.0
30.5,73.125,2023-01-05,12.43,24.05,1.16,0.0
30.5,73.75,2023-01-05,12.35,24.77,0.97,0.0
30.5,74.375,2023-01-05,11.89,27.04,1.02,0.0
30.5,75.0,2023-01-05,11.06,32.1,1.17,0.0
30.5,75.625,2023-01-05,9.82,42.69,1.44,0.0
30.5,76.25,2023-01-05,9.48,51.13,1.75,0.0
30.5,76.875,2023-01-05,10.99,48.0,1.6,0.0
31.0,73.125,2023-01-05,12.23,26.81,1.22,0.0
31.0,73.75,2023-01-05,11.81,28.3,1.26,0.0
31.0,74.375,2023-01-05,11.17,32.35,1.3,0.0
31.0,75.0,2023-01-05,10.55,37.14,1.35,0.0
31.0,75.625,2023-01-05,10.05,45.31,1.35,0.0
31.0,76.25,2023-01-05,10.56,47.97,1.34,0.0
31.0,76.875,2023-01-05,8.75,45.92,1.46,0.0
31.5,73.125,2023-01-05,11.7,30.92,1.19,0.0
31.5,73.75,2023-01-05,11.07,33.76,1.45,0.0
31.5,74.375,2023-01-05,10.64,37.98,1.48,0.0
31.5,75.0,2023-01-05,10.18,42.93,1.39,0.0
31.5,75.625,2023-01-05,10.01,48.32,1.17,0.0
31.5,76.25,2023-01-05,10.68,46.02,1.16,0.0
31.5,76.875,2023-01-05,8.17,38.91,1.23,0.0
32.0,73.125,2023-01-05,11.18,36.08,1.39,0.0
32.0,73.75,2023-01-05,10.37,43.5,1.52,0.0
32.0,74.375,2023-01-05,10.35,48.01,1.42,0.0
32.0,75.0,2023-01-05,10.6,48.68,1.21,0.0
32.0,75.625,2023-01-05,10.88,46.69,1.12,0.0
32.0,76.25,2023-01-05,8.77,42.16,1.21,0.0
32.0,76.875,2023-01-05,1.95,38.89,1.62,0.0
32.5,73.125,2023-01-05,10.37,43.58,1.57,0.0
32.5,73.75,2023-01-05,10.84,50.4,1.24,0.0
32.5,74.375,2023-01-05,10.74,53.86,0.98,0.0
32.5,75.0,2023-01-05,11.13,44.73,1.03,0.0
32.5,75.625,2023-01-05,9.25,39.63,1.34,0.0
32.5,76.25,2023-01-05,1.77,41.39,1.49,0.0
32.5,76.875,2023-01-05,-11.48,51.6,1.87,0.0
33.0,73.125,2023-01-05,9.26,51.92,1.35,0.0
33.0,73.75,2023-01-05,11.92,45.03,1.27,0.0
33.0,74.375,2023-01-05,10.51,43.49,1.27,0.0
33.0,75.0,2023-01-05,8.27,38.47,1.31,0.0
33.0,75.625,2023-01-05,4.08,37.31,1.41,0.0
33.0,76.25,2023-01-05,-6.82,47.9,1.76,0.0
33.0,76.875,2023-01-05,-18.44,55.14,1.65,0.0
29.0,73.125,2023-01-06,10.84,33.0,1.96,0.0
29.0,73.75,2023-01-06,10.44,35.11,1.86,0.0
29.0,74.375,2023-01-06,10.39,34.79,1.63,0.0
29.0,75.0,2023-01-06,10.5,33.96,1.32,0.0
29.0,75.625,2023-01-06,10.61,33.41,0.94,0.0
29.0,76.25,2023-01-06,9.62,41.83,0.92,0.0
29.0,76.875,2023-01-06,8.5,49.91,1.38,0.0
29.5,73.125,2023-01-06,10.62,30.21,1.57,0.0
29.5,73.75,2023-01-06,10.76,30.01,1.45,0.0
29.5,74.375,2023-01-06,11.1,28.13,1.19,0.0
29.5,75.0,2023-01-06,11.17,26.98,0.85,0.0
29.5,75.625,2023-01-06,10.72,28.65,0.79,0.0
29.5,76.25,2023-01-06,9.07,41.05,1.3,0.0
29.5,76.875,2023-01-06,8.05,53.16,1.61,0.0
30.0,73.125,2023-01-06,11.08,27.25,1.37,0.0
30.0,73.75,2023-01-06,11.43,24.96,1.07,0.0
30.0,74.375,2023-01-06,11.83,23.02,0.73,0.0
30.0,75.0,2023-01-06,11.54,24.39,0.67,0.0
30.0,75.625,2023-01-06,10.15,31.59,1.07,0.0
30.0,76.25,2023-01-06,8.53,46.45,1.58,0.0
30.0,76.875,2023-01-06,8.81,55.04,1.51,0.0
30.5,73.125,2023-01-06,11.63,25.66,1.21,0.0
30.5,73.75,2023-01-06,11.76,23.85,0.82,0.0
30.5,74.375,2023-01-06,11.73,23.73,0.67,0.0
30.5,75.0,2023-01-06,11.05,27.23,0.86,0.0
30.5,75.625,2023-01-06,9.5,36.98,1.23,0.0
30.5,76.25,2023-01-06,8.89,48.64,1.65,0.0
30.5,76.875,2023-01-06,10.82,47.18,1.37,0.0
31.0,73.125,2023-01-06,12.06,25.22,1.08,0.0
31.0,73.75,2023-01-06,11.84,24.9,0.88,0.0
31.0,74.375,2023-01-06,11.3,27.69,0.87,0.0
31.0,75.0,2023-01-06,10.43,32.39,1.05,0.0
31.0,75.625,2023-01-06,9.5,40.55,1.21,0.0
31.0,76.25,2023-01-06,9.98,46.17,1.32,0.0
31.0,76.875,2023-01-06,8.87,45.3,1.33,0.0
31.5,73.125,2023-01-06,12.35,26.54,0.81,0.0
31.5,73.75,2023-01-06,11.53,28.88,1.0,0.0
31.5,74.375,2023-01-06,10.92,31.99,1.04,0.0
31.5,75.0,2023-01-06,10.05,38.87,1.13,0.0
31.5,75.625,2023-01-06,9.29,45.82,1.2,0.0
31.5,76.25,2023-01-06,9.9,46.5,1.19,0.0
31.5,76.875,2023-01-06,9.24,36.82,0.9,0.0
32.0,73.125,2023-01-06,11.86,33.76,0.61,0.0
32.0,73.75,2023-01-06,10.7,40.12,0.99,0.0
32.0,74.375,2023-01-06,9.87,43.34,1.03,0.0
32.0,75.0,2023-01-06,9.58,48.98,1.09,0.0
32.0,75.625,2023-01-06,9.9,49.66,1.18,0.0
32.0,76.25,2023-01-06,9.01,42.25,1.05,0.0
32.0,76.875,2023-01-06,4.35,35.09,1.33,0.0
32.5,73.125,2023-01-06,10.21,45.3,0.97,0.0
32.5,73.75,2023-01-06,10.09,53.97,0.86,0.0
32.5,74.375,2023-01-06,9.4,55.05,0.96,0.0
32.5,75.0,2023-01-06,9.89,49.4,1.01,0.0
32.5,75.625,2023-01-06,9.36,41.07,1.1,0.0
32.5,76.25,2023-01-06,3.86,36.5,1.14,0.0
32.5,76.875,2023-01-06,-8.63,45.36,1.44,0.0
33.0,73.125,2023-01-06,8.19,59.39,1.09,0.0
33.0,73.75,2023-01-06,10.73,52.96,0.87,0.0
33.0,74.375,2023-01-06,10.36,45.37,0.98,0.0
33.0,75.0,2023-01-06,9.03,37.76,0.91,0.0
33.0,75.625,2023-01-06,5.57,34.34,1.0,0.0
33.0,76.25,2023-01-06,-4.26,41.38,1.42,0.0
33.0,76.875,2023-01-06,-15.66,48.78,1.5,0.0
29.0,73.125,2023-01-07,12.38,22.87,1.71,0.0
29.0,73.75,2023-01-07,12.06,24.75,1.46,0.0
29.0,74.375,2023-01-07,12.1,24.16,1.22,0.0
29.0,75.0,2023-01-07,12.21,23.46,1.18,0.0
29.0,75.625,2023-01-07,12.08,24.02,1.31,0.0
29.0,76.25,2023-01-07,10.86,35.75,1.63,0.0
29.0,76.875,2023-01-07,9.85,44.96,1.87,0.0
29.5,73.125,2023-01-07,12.66,20.94,1.25,0.0
29.5,73.75,2023-01-07,12.73,21.69,1.07,0.0
29.5,74.375,2023-01-07,12.8,21.31,1.04,0.0
29.5,75.0,2023-01-07,12.57,21.61,1.23,0.0
29.5,75.625,2023-01-07,11.8,26.13,1.57,0.0
29.5,76.25,2023-01-07,10.47,39.73,1.84,0.0
29.5,76.875,2023-01-07,9.91,50.07,2.04,0.0
30.0,73.125,2023-01-07,13.17,20.53,1.0,0.0
30.0,73.75,2023-01-07,13.35,20.14,0.96,0.0
30.0,74.375,2023-01-07,13.21,20.61,1.17,0.0
30.0,75.0,2023-01-07,12.6,23.88,1.48,0.0
30.0,75.625,2023-01-07,11.34,33.7,1.75,0.0
30.0,76.25,2023-01-07,10.54,44.95,2.05,0.0
30.0,76.875,2023-01-07,10.8,52.71,2.01,0.0
30.5,73.125,2023-01-07,13.17,21.73,0.94,0.0
30.5,73.75,2023-01-07,13.15,21.85,1.24,0.0
30.5,74.375,2023-01-07,12.97,23.84,1.42,0.0
30.5,75.0,2023-01-07,12.17,29.57,1.64,0.0
30.5,75.625,2023-01-07,11.09,39.3,1.77,0.0
30.5,76.25,2023-01-07,10.92,46.59,1.99,0.0
30.5,76.875,2023-01-07,12.46,47.45,2.01,0.0
31.0,73.125,2023-01-07,12.83,25.12,1.22,0.0
31.0,73.75,2023-01-07,12.71,26.52,1.58,0.0
31.0,74.375,2023-01-07,12.52,30.62,1.62,0.0
31.0,75.0,2023-01-07,11.92,37.21,1.73,0.0
31.0,75.625,2023-01-07,11.35,43.96,1.71,0.0
31.0,76.25,2023-01-07,11.61,47.17,1.59,0.0
31.0,76.875,2023-01-07,11.19,47.38,1.72,0.0
31.5,73.125,2023-01-07,12.05,32.7,1.32,0.0
31.5,73.75,2023-01-07,12.0,36.18,1.74,0.0
31.5,74.375,2023-01-07,12.08,39.4,1.79,0.0
31.5,75.0,2023-01-07,11.65,46.8,1.81,0.0
31.5,75.625,2023-01-07,11.3,51.23,1.73,0.0
31.5,76.25,2023-01-07,12.07,48.99,1.43,0.0
31.5,76.875,2023-01-07,11.12,45.3,1.27,0.0
32.0,73.125,2023-01-07,11.28,42.79,1.47,0.0
32.0,73.75,2023-01-07,10.89,51.57,1.81,0.0
32.0,74.375,2023-01-07,11.1,54.14,1.89,0.0
32.0,75.0,2023-01-07,11.28,56.55,1.81,0.0
32.0,75.625,2023-01-07,12.24,53.28,1.51,0.0
32.0,76.25,2023-01-07,11.53,48.36,1.31,0.0
32.0,76.875,2023-01-07,6.57,49.45,1.23,0.0
32.5,73.125,2023-01-07,10.14,53.59,1.94,0.0
32.5,73.75,2023-01-07,10.62,61.73,2.04,0.0
32.5,74.375,2023-01-07,11.54,59.33,1.81,0.0
32.5,75.0,2023-01-07,12.6,51.09,1.53,0.0
32.5,75.625,2023-01-07,11.89,46.86,1.32,0.0
32.5,76.25,2023-01-07,5.96,52.02,1.15,0.0
32.5,76.875,2023-01-07,-5.5,71.6,1.05,0.0
33.0,73.125,2023-01-07,8.5,67.15,2.04,0.0
33.0,73.75,2023-01-07,11.96,55.19,1.76,0.0
33.0,74.375,2023-01-07,13.27,45.0,1.41,0.0
33.0,75.0,2023-01-07,11.65,43.72,1.21,0.0
33.0,75.625,2023-01-07,7.47,47.43,1.18,0.0
33.0,76.25,2023-01-07,-1.62,65.6,1.1,0.0
33.0,76.875,2023-01-07,-12.08,85.61,1.5,0.0
29.0,73.125,2023-01-08,14.09,20.8,1.12,0.0
29.0,73.75,2023-01-08,14.0,23.41,0.88,0.0
29.0,74.375,2023-01-08,13.97,24.6,0.78,0.0
29.0,75.0,2023-01-08,13.54,26.28,1.14,0.0
29.0,75.625,2023-01-08,13.25,28.23,1.53,0.0
29.0,76.25,2023-01-08,12.56,39.2,1.76,0.0
29.0,76.875,2023-01-08,12.2,45.68,2.0,0.0
29.5,73.125,2023-01-08,14.28,21.53,0.92,0.0
29.5,73.75,2023-01-08,14.21,24.24,0.8,0.0
29.5,74.375,2023-01-08,13.94,25.87,0.98,0.0
29.5,75.0,2023-01-08,13.48,26.92,1.35,0.0
29.5,75.625,2023-01-08,13.07,31.16,1.71,0.0
29.5,76.25,2023-01-08,12.37,43.57,2.02,0.0
29.5,76.875,2023-01-08,12.28,51.95,2.29,0.0
30.0,73.125,2023-01-08,14.14,22.72,0.9,0.0
30.0,73.75,2023-01-08,13.97,25.21,1.03,0.0
30.0,74.375,2023-01-08,13.65,26.88,1.22,0.0
30.0,75.0,2023-01-08,13.21,30.24,1.55,0.0
30.0,75.625,2023-01-08,12.57,39.28,1.87,0.0
30.0,76.25,2023-01-08,12.37,49.41,2.39,0.0
30.0,76.875,2023-01-08,13.09,55.22,2.53,0.0
30.5,73.125,2023-01-08,13.32,26.96,1.04,0.0
30.5,73.75,2023-01-08,13.22,29.03,1.23,0.0
30.5,74.375,2023-01-08,13.15,31.28,1.36,0.0
30.5,75.0,2023-01-08,12.73,37.54,1.62,0.0
30.5,75.625,2023-01-08,12.23,46.58,1.87,0.0
30.5,76.25,2023-01-08,12.52,53.27,2.36,0.0
30.5,76.875,2023-01-08,14.79,51.13,2.36,0.0
31.0,73.125,2023-01-08,12.25,34.92,1.11,0.0
31.0,73.75,2023-01-08,12.3,36.16,1.38,0.0
31.0,74.375,2023-01-08,12.29,39.66,1.48,0.0
31.0,75.0,2023-01-08,12.02,46.74,1.67,0.0
31.0,75.625,2023-01-08,11.74,54.49,1.76,0.0
31.0,76.25,2023-01-08,12.76,55.68,1.75,0.0
31.0,76.875,2023-01-08,14.04,50.17,1.66,0.0
31.5,73.125,2023-01-08,10.92,49.13,1.12,0.0
31.5,73.75,2023-01-08,11.14,48.87,1.48,0.0
31.5,74.375,2023-01-08,11.37,50.33,1.55,0.0
31.5,75.0,2023-01-08,11.25,57.11,1.64,0.0
31.5,75.625,2023-01-08,11.18,63.43,1.62,0.0
31.5,76.25,2023-01-08,13.61,55.17,1.4,0.0
31.5,76.875,2023-01-08,13.36,49.18,1.19,0.0
32.0,73.125,2023-01-08,10.72,61.36,1.19,0.01
32.0,73.75,2023-01-08,10.45,64.41,1.4,0.0
32.0,74.375,2023-01-08,10.59,65.53,1.47,0.0
32.0,75.0,2023-01-08,11.15,67.35,1.47,0.02
32.0,75.625,2023-01-08,13.01,62.85,1.25,0.01
32.0,76.25,2023-01-08,12.71,55.92,1.09,0.0
32.0,76.875,2023-01-08,6.92,60.16,1.14,0.0
32.5,73.125,2023-01-08,10.91,67.63,1.7,0.14
32.5,73.75,2023-01-08,11.29,70.36,1.25,0.09
32.5,74.375,2023-01-08,12.28,66.65,1.08,0.16
32.5,75.0,2023-01-08,13.43,61.27,1.04,0.18
32.5,75.625,2023-01-08,12.42,60.13,1.07,0.1
32.5,76.25,2023-01-08,5.94,66.9,1.01,0.03
32.5,76.875,2023-01-08,-5.93,90.25,1.35,0.0
33.0,73.125,2023-01-08,10.3,74.27,1.55,0.59
33.0,73.75,2023-01-08,14.39,54.87,0.84,0.7
33.0,74.375,2023-01-08,13.76,55.95,0.83,0.92
33.0,75.0,2023-01-08,11.03,64.03,1.03,0.67
33.0,75.625,2023-01-08,6.23,72.62,1.14,0.31
33.0,76.25,2023-01-08,-2.04,86.04,1.22,0.11
33.0,76.875,2023-01-08,-11.97,96.52,2.01,0.02
29.0,73.125,2023-01-09,14.37,23.34,1.56,0.0
29.0,73.75,2023-01-09,14.2,26.14,1.43,0.0
29.0,74.375,2023-01-09,14.1,26.71,1.19,0.0
29.0,75.0,2023-01-09,13.91,27.89,1.04,0.0
29.0,75.625,2023-01-09,13.82,31.07,1.07,0.0
29.0,76.25,2023-01-09,13.11,43.52,1.3,0.0
29.0,76.875,2023-01-09,12.87,49.32,1.54,0.0
29.5,73.125,2023-01-09,13.66,25.35,1.34,0.0
29.5,73.75,2023-01-09,13.6,28.01,1.24,0.0
29.5,74.375,2023-01-09,13.37,29.73,1.14,0.0
29.5,75.0,2023-01-09,13.24,31.0,1.11,0.0
29.5,75.625,2023-01-09,13.08,34.66,1.29,0.0
29.5,76.25,2023-01-09,12.72,45.59,1.57,0.0
29.5,76.875,2023-01-09,12.89,53.2,1.8,0.0
30.0,73.125,2023-01-09,13.25,31.55,1.02,0.0
30.0,73.75,2023-01-09,13.31,31.57,1.07,0.0
30.0,74.375,2023-01-09,12.99,33.4,1.13,0.0
30.0,75.0,2023-01-09,12.71,36.19,1.21,0.0
30.0,75.625,2023-01-09,12.32,42.03,1.4,0.0
30.0,76.25,2023-01-09,12.53,49.78,1.8,0.0
30.0,76.875,2023-01-09,13.62,55.89,1.77,0.0
30.5,73.125,2023-01-09,12.54,46.57,0.92,0.0
30.5,73.75,2023-01-09,12.62,43.24,1.11,0.0
30.5,74.375,2023-01-09,12.41,42.58,1.18,0.0
30.5,75.0,2023-01-09,12.04,44.51,1.28,0.0
30.5,75.625,2023-01-09,11.63,49.84,1.4,0.0
30.5,76.25,2023-01-09,12.37,54.35,1.76,0.0
30.5,76.875,2023-01-09,15.59,49.9,1.41,0.0
31.0,73.125,2023-01-09,11.83,63.33,1.28,0.0
31.0,73.75,2023-01-09,11.73,59.48,1.42,0.0
31.0,74.375,2023-01-09,11.55,56.83,1.36,0.0
31.0,75.0,2023-01-09,11.36,55.28,1.36,0.0
31.0,75.625,2023-01-09,11.23,57.48,1.33,0.0
31.0,76.25,2023-01-09,12.59,55.38,1.39,0.0
31.0,76.875,2023-01-09,14.23,50.62,1.08,0.0
31.5,73.125,2023-01-09,11.85,70.72,1.44,0.0
31.5,73.75,2023-01-09,11.47,69.97,1.51,0.0
31.5,74.375,2023-01-09,11.16,67.1,1.41,0.0
31.5,75.0,2023-01-09,10.95,64.86,1.34,0.0
31.5,75.625,2023-01-09,10.99,64.1,1.23,0.0
31.5,76.25,2023-01-09,13.21,54.87,1.15,0.0
31.5,76.875,2023-01-09,12.88,50.25,0.84,0.0
32.0,73.125,2023-01-09,12.26,72.05,1.54,0.0
32.0,73.75,2023-01-09,11.88,72.33,1.33,0.0
32.0,74.375,2023-01-09,11.47,71.96,1.3,0.0
32.0,75.0,2023-01-09,11.54,69.04,1.22,0.0
32.0,75.625,2023-01-09,12.85,61.31,1.03,0.0
32.0,76.25,2023-01-09,12.48,53.16,0.66,0.0
32.0,76.875,2023-01-09,6.83,57.1,1.05,0.0
32.5,73.125,2023-01-09,11.55,76.1,2.01,0.0
32.5,73.75,2023-01-09,12.61,71.04,1.15,0.0
32.5,74.375,2023-01-09,13.2,67.74,0.8,0.02
32.5,75.0,2023-01-09,13.72,62.37,0.73,0.01
32.5,75.625,2023-01-09,12.56,57.47,0.78,0.01
32.5,76.25,2023-01-09,5.87,60.41,0.96,0.0
32.5,76.875,2023-01-09,-6.33,85.62,1.6,0.0
33.0,73.125,2023-01-09,10.79,77.07,1.69,0.0
33.0,73.75,2023-01-09,13.86,63.57,0.82,0.01
33.0,74.375,2023-01-09,13.12,63.33,0.82,0.06
33.0,75.0,2023-01-09,11.13,64.45,0.89,0.08
33.0,75.625,2023-01-09,6.43,70.36,1.01,0.05
33.0,76.25,2023-01-09,-2.52,80.63,1.29,0.02
33.0,76.875,2023-01-09,-12.55,94.65,2.84,0.01
29.0,73.125,2023-01-10,15.63,30.53,1.24,0.0
29.0,73.75,2023-01-10,15.15,34.3,1.17,0.0
29.0,74.375,2023-01-10,14.73,37.23,1.21,0.0
29.0,75.0,2023-01-10,14.2,40.83,1.28,0.0
29.0,75.625,2023-01-10,13.83,43.91,1.38,0.0
29.0,76.25,2023-01-10,12.79,53.77,1.59,0.0
29.0,76.875,2023-01-10,12.39,57.47,1.83,0.0
29.5,73.125,2023-01-10,15.69,33.7,0.84,0.0
29.5,73.75,2023-01-10,15.41,37.77,0.87,0.0
29.5,74.375,2023-01-10,14.84,41.73,1.08,0.0
29.5,75.0,2023-01-10,14.07,46.36,1.29,0.0
29.5,75.625,2023-01-10,13.32,50.7,1.55,0.0
29.5,76.25,2023-01-10,12.47,57.79,1.83,0.0
29.5,76.875,2023-01-10,12.42,61.06,2.12,0.0
30.0,73.125,2023-01-10,16.06,36.62,0.7,0.0
30.0,73.75,2023-01-10,15.62,40.19,0.87,0.0
30.0,74.375,2023-01-10,14.79,44.74,1.12,0.0
30.0,75.0,2023-01-10,13.85,50.84,1.43,0.0
30.0,75.625,2023-01-10,12.83,57.39,1.67,0.0
30.0,76.25,2023-01-10,12.35,60.93,2.09,0.0
30.0,76.875,2023-01-10,13.03,61.73,2.21,0.0
30.5,73.125,2023-01-10,15.59,42.93,0.83,0.0
30.5,73.75,2023-01-10,14.91,47.93,1.1,0.0
30.5,74.375,2023-01-10,14.11,52.47,1.31,0.0
30.5,75.0,2023-01-10,13.27,57.3,1.49,0.0
30.5,75.625,2023-01-10,12.36,62.32,1.65,0.0
30.5,76.25,2023-01-10,12.44,61.92,2.05,0.0
30.5,76.875,2023-01-10,14.39,55.06,1.97,0.0
31.0,73.125,2023-01-10,14.68,51.54,1.08,0.0
31.0,73.75,2023-01-10,13.97,56.8,1.4,0.0
31.0,74.375,2023-01-10,13.34,59.98,1.47,0.0
31.0,75.0,2023-01-10,12.74,62.83,1.5,0.0
31.0,75.625,2023-01-10,12.08,65.32,1.54,0.0
31.0,76.25,2023-01-10,12.61,60.98,1.69,0.0
31.0,76.875,2023-01-10,12.63,54.68,1.51,0.0
31.5,73.125,2023-01-10,13.74,61.16,1.18,0.0
31.5,73.75,2023-01-10,13.24,63.64,1.55,0.0
31.5,74.375,2023-01-10,12.97,63.66,1.51,0.0
31.5,75.0,2023-01-10,12.48,65.71,1.4,0.0
31.5,75.625,2023-01-10,11.94,67.05,1.38,0.0
31.5,76.25,2023-01-10,12.78,58.72,1.44,0.0
31.5,76.875,2023-01-10,11.77,48.61,1.15,0.0
32.0,73.125,2023-01-10,13.51,65.68,1.31,0.0
32.0,73.75,2023-01-10,13.12,67.28,1.42,0.0
32.0,74.375,2023-01-10,13.12,65.16,1.27,0.0
32.0,75.0,2023-01-10,12.84,65.72,1.19,0.0
32.0,75.625,2023-01-10,13.02,62.42,1.25,0.0
32.0,76.25,2023-01-10,11.79,50.85,1.01,0.0
32.0,76.875,2023-01-10,6.37,45.11,1.2,0.0
32.5,73.125,2023-01-10,12.65,70.63,1.47,0.0
32.5,73.75,2023-01-10,12.97,70.55,1.27,0.0
32.5,74.375,2023-01-10,13.48,65.01,1.08,0.0
32.5,75.0,2023-01-10,13.45,61.18,1.1,0.0
32.5,75.625,2023-01-10,11.98,53.9,1.12,0.0
32.5,76.25,2023-01-10,5.76,46.94,0.95,0.0
32.5,76.875,2023-01-10,-6.57,60.39,1.28,0.0
33.0,73.125,2023-01-10,11.36,76.22,1.35,0.02
33.0,73.75,2023-01-10,13.58,65.06,1.11,0.01
33.0,74.375,2023-01-10,13.11,59.4,1.11,0.0
33.0,75.0,2023-01-10,11.1,56.3,1.03,0.0
33.0,75.625,2023-01-10,6.79,52.69,1.03,0.0
33.0,76.25,2023-01-10,-2.17,54.23,1.12,0.0
33.0,76.875,2023-01-10,-14.07,77.85,2.02,0.0
29.0,73.125,2023-01-11,17.86,38.38,2.12,0.0
29.0,73.75,2023-01-11,17.73,39.9,1.97,0.0
29.0,74.375,2023-01-11,17.47,40.54,1.83,0.0
29.0,75.0,2023-01-11,16.88,42.72,1.76,0.0
29.0,75.625,2023-01-11,16.16,47.25,1.73,0.02
29.0,76.25,2023-01-11,14.84,56.98,1.52,0.2
29.0,76.875,2023-01-11,13.8,63.59,1.38,0.4
29.5,73.125,2023-01-11,17.18,38.22,1.91,0.0
29.5,73.75,2023-01-11,17.24,40.3,1.78,0.0
29.5,74.375,2023-01-11,17.08,41.83,1.69,0.0
29.5,75.0,2023-01-11,16.59,44.64,1.63,0.0
29.5,75.625,2023-01-11,15.84,50.46,1.51,0.01
29.5,76.25,2023-01-11,14.54,60.41,1.4,0.1
29.5,76.875,2023-01-11,13.75,65.17,1.33,0.23
30.0,73.125,2023-01-11,16.55,39.37,1.72,0.02
30.0,73.75,2023-01-11,16.68,42.08,1.67,0.0
30.0,74.375,2023-01-11,16.72,44.12,1.58,0.0
30.0,75.0,2023-01-11,16.45,47.05,1.46,0.0
30.0,75.625,2023-01-11,15.59,53.4,1.3,0.02
30.0,76.25,2023-01-11,14.73,59.97,1.34,0.09
30.0,76.875,2023-01-11,14.46,61.5,1.24,0.12
30.5,73.125,2023-01-11,15.61,43.08,1.48,0.11
30.5,73.75,2023-01-11,16.03,45.11,1.5,0.05
30.5,74.375,2023-01-11,16.34,46.65,1.38,0.02
30.5,75.0,2023-01-11,16.22,49.21,1.22,0.01
30.5,75.625,2023-01-11,15.39,55.38,1.13,0.03
30.5,76.25,2023-01-11,15.04,58.09,1.26,0.12
30.5,76.875,2023-01-11,15.31,52.79,1.1,0.16
31.0,73.125,2023-01-11,14.53,48.43,1.22,0.51
31.0,73.75,2023-01-11,15.34,49.03,1.19,0.4
31.0,74.375,2023-01-11,15.53,51.8,1.12,0.2
31.0,75.0,2023-01-11,15.37,55.46,1.17,0.09
31.0,75.625,2023-01-11,14.86,60.23,1.21,0.14
31.0,76.25,2023-01-11,15.0,57.89,1.25,0.34
31.0,76.875,2023-01-11,13.16,54.5,1.38,0.67
31.5,73.125,2023-01-11,13.7,57.92,1.11,1.8
31.5,73.75,2023-01-11,14.17,60.36,1.05,1.52
31.5,74.375,2023-01-11,14.23,63.55,1.14,0.83
31.5,75.0,2023-01-11,14.04,66.9,1.29,0.5
31.5,75.625,2023-01-11,13.93,68.12,1.27,0.74
31.5,76.25,2023-01-11,14.18,60.91,1.24,1.49
31.5,76.875,2023-01-11,10.8,58.76,1.42,2.44
32.0,73.125,2023-01-11,13.1,69.76,1.37,4.1
32.0,73.75,2023-01-11,13.08,74.48,1.3,3.86
32.0,74.375,2023-01-11,13.19,75.84,1.27,2.45
32.0,75.0,2023-01-11,13.58,73.38,1.1,1.82
32.0,75.625,2023-01-11,13.61,68.43,1.01,2.36
32.0,76.25,2023-01-11,10.15,65.13,1.22,3.91
32.0,76.875,2023-01-11,3.42,68.97,1.54,5.21
32.5,73.125,2023-01-11,11.84,78.38,1.4,7.9
32.5,73.75,2023-01-11,12.46,81.27,1.25,7.7
32.5,74.375,2023-01-11,12.88,79.7,1.13,5.88
32.5,75.0,2023-01-11,12.64,73.76,1.32,4.94
32.5,75.625,2023-01-11,9.42,71.53,1.49,5.29
32.5,76.25,2023-01-11,1.59,77.56,1.58,6.6
32.5,76.875,2023-01-11,-9.11,91.51,2.7,7.37
33.0,73.125,2023-01-11,10.22,87.81,1.36,12.45
33.0,73.75,2023-01-11,11.88,82.21,1.29,12.92
33.0,74.375,2023-01-11,10.92,79.18,1.53,10.7
33.0,75.0,2023-01-11,7.81,78.4,1.45,9.32
33.0,75.625,2023-01-11,2.75,79.79,1.42,8.52
33.0,76.25,2023-01-11,-5.24,87.49,1.95,8.24
33.0,76.875,2023-01-11,-14.52,97.39,3.94,8.15
29.0,73.125,2023-01-12,17.46,44.84,1.3,0.0
29.0,73.75,2023-01-12,17.37,47.83,1.66,0.0
29.0,74.375,2023-01-12,17.18,51.05,2.08,0.0
29.0,75.0,2023-01-12,16.49,56.22,2.32,0.0
29.0,75.625,2023-01-12,15.75,61.97,2.56,0.53
29.0,76.25,2023-01-12,14.65,69.46,2.37,5.13
29.0,76.875,2023-01-12,14.19,71.63,1.98,10.99
29.5,73.125,2023-01-12,16.6,47.35,1.75,0.0
29.5,73.75,2023-01-12,17.31,48.06,1.91,0.0
29.5,74.375,2023-01-12,17.22,50.61,2.29,0.0
29.5,75.0,2023-01-12,16.51,54.23,2.51,0.01
29.5,75.625,2023-01-12,15.59,59.46,2.58,0.17
29.5,76.25,2023-01-12,14.47,67.12,2.26,1.47
29.5,76.875,2023-01-12,14.16,69.54,1.85,3.21
30.0,73.125,2023-01-12,15.98,48.57,1.93,0.0
30.0,73.75,2023-01-12,16.69,48.45,1.84,0.0
30.0,74.375,2023-01-12,17.07,49.55,2.13,0.01
30.0,75.0,2023-01-12,16.39,54.08,2.36,0.04
30.0,75.625,2023-01-12,15.36,60.88,2.36,0.23
30.0,76.25,2023-01-12,14.53,67.53,2.02,0.8
30.0,76.875,2023-01-12,14.26,70.13,1.74,0.95
30.5,73.125,2023-01-12,15.12,51.99,2.13,0.06
30.5,73.75,2023-01-12,15.86,51.39,1.97,0.03
30.5,74.375,2023-01-12,16.54,50.75,1.87,0.04
30.5,75.0,2023-01-12,16.09,55.05,2.03,0.13
30.5,75.625,2023-01-12,15.3,61.4,1.99,0.52
30.5,76.25,2023-01-12,15.04,64.26,1.76,1.46
30.5,76.875,2023-01-12,14.12,65.55,1.65,1.63
31.0,73.125,2023-01-12,13.95,62.32,2.24,0.28
31.0,73.75,2023-01-12,14.87,59.68,2.27,0.25
31.0,74.375,2023-01-12,15.68,56.42,2.04,0.25
31.0,75.0,2023-01-12,15.75,57.17,1.76,0.37
31.0,75.625,2023-01-12,15.29,60.9,1.73,0.93
31.0,76.25,2023-01-12,15.19,61.01,1.61,2.04
31.0,76.875,2023-01-12,11.5,68.01,1.53,2.47
31.5,73.125,2023-01-12,12.84,71.63,2.26,0.76
31.5,73.75,2023-01-12,13.73,71.05,2.37,0.89
31.5,74.375,2023-01-12,14.61,66.51,2.21,0.85
31.5,75.0,2023-01-12,15.05,62.52,1.68,0.81
31.5,75.625,2023-01-12,14.89,62.11,1.68,1.38
31.5,76.25,2023-01-12,14.01,63.39,1.49,2.47
31.5,76.875,2023-01-12,9.03,70.22,1.31,2.99
32.0,73.125,2023-01-12,11.74,76.05,2.33,2.03
32.0,73.75,2023-01-12,12.57,77.98,2.28,2.03
32.0,74.375,2023-01-12,13.65,73.63,2.12,1.69
32.0,75.0,2023-01-12,14.36,65.84,1.65,1.14
32.0,75.625,2023-01-12,13.99,64.01,1.61,1.52
32.0,76.25,2023-01-12,9.41,69.78,1.32,2.74
32.0,76.875,2023-01-12,1.65,77.54,1.02,3.32
32.5,73.125,2023-01-12,10.57,79.65,2.54,3.88
32.5,73.75,2023-01-12,11.76,82.16,2.16,3.66
32.5,74.375,2023-01-12,13.15,75.07,1.79,2.43
32.5,75.0,2023-01-12,12.75,68.52,1.58,1.34
32.5,75.625,2023-01-12,8.99,71.87,1.36,1.38
32.5,76.25,2023-01-12,0.26,82.12,1.26,2.69
32.5,76.875,2023-01-12,-11.73,95.49,1.9,3.24
33.0,73.125,2023-01-12,8.8,85.66,2.48,7.16
33.0,73.75,2023-01-12,11.11,85.06,1.83,5.43
33.0,74.375,2023-01-12,10.5,79.13,1.58,3.78
33.0,75.0,2023-01-12,7.05,79.63,1.45,2.41
33.0,75.625,2023-01-12,1.67,84.26,1.28,1.8
33.0,76.25,2023-01-12,-7.6,93.72,1.63,2.46
33.0,76.875,2023-01-12,-18.09,97.42,2.96,2.76
29.0,73.125,2023-01-13,12.13,46.48,2.44,0.0
29.0,73.75,2023-01-13,13.29,50.09,2.02,0.0
29.0,74.375,2023-01-13,14.48,53.81,1.89,0.0
29.0,75.0,2023-01-13,14.51,60.57,2.03,0.01
29.0,75.625,2023-01-13,14.71,62.81,1.92,0.16
29.0,76.25,2023-01-13,14.73,70.88,1.68,0.51
29.0,76.875,2023-01-13,15.55,75.28,1.79,0.65
29.5,73.125,2023-01-13,11.5,42.01,2.47,0.0
29.5,73.75,2023-01-13,12.68,50.63,1.93,0.0
29.5,74.375,2023-01-13,13.93,55.85,1.82,0.0
29.5,75.0,2023-01-13,14.35,59.23,2.16,0.04
29.5,75.625,2023-01-13,14.48,63.31,2.08,0.37
29.5,76.25,2023-01-13,14.48,71.82,1.96,1.29
29.5,76.875,2023-01-13,15.32,75.14,2.0,2.17
30.0,73.125,2023-01-13,10.78,38.36,2.47,0.0
30.0,73.75,2023-01-13,12.04,49.42,1.99,0.0
30.0,74.375,2023-01-13,13.46,54.45,1.8,0.0
30.0,75.0,2023-01-13,14.06,58.49,2.23,0.07
30.0,75.625,2023-01-13,14.03,65.66,2.18,0.49
30.0,76.25,2023-01-13,14.15,73.61,2.15,2.09
30.0,76.875,2023-01-13,15.11,75.63,2.26,4.72
30.5,73.125,2023-01-13,10.0,34.58,2.48,0.0
30.5,73.75,2023-01-13,11.43,48.4,2.09,0.03
30.5,74.375,2023-01-13,13.09,55.2,1.79,0.07
30.5,75.0,2023-01-13,13.65,60.29,2.22,0.15
30.5,75.625,2023-01-13,13.68,68.63,2.26,0.85
30.5,76.25,2023-01-13,14.37,73.37,2.27,3.72
30.5,76.875,2023-01-13,14.66,73.66,2.09,8.1
31.0,73.125,2023-01-13,9.05,32.7,2.41,0.04
31.0,73.75,2023-01-13,10.62,48.83,2.07,0.48
31.0,74.375,2023-01-13,12.47,59.95,1.8,0.76
31.0,75.0,2023-01-13,13.3,64.19,2.19,0.89
31.0,75.625,2023-01-13,13.75,70.73,2.31,2.02
31.0,76.25,2023-01-13,14.66,71.58,2.22,6.44
31.0,76.875,2023-01-13,11.78,77.06,1.88,12.19
31.5,73.125,2023-01-13,7.86,35.29,2.24,0.59
31.5,73.75,2023-01-13,9.32,53.51,1.88,2.26
31.5,74.375,2023-01-13,11.57,67.55,1.7,3.79
31.5,75.0,2023-01-13,12.76,71.28,2.09,4.17
31.5,75.625,2023-01-13,13.56,75.13,2.24,4.9
31.5,76.25,2023-01-13,13.81,74.3,2.01,9.65
31.5,76.875,2023-01-13,8.99,80.43,1.75,15.96
32.0,73.125,2023-01-13,7.17,39.39,2.31,1.7
32.0,73.75,2023-01-13,8.18,60.73,1.68,5.78
32.0,74.375,2023-01-13,10.69,75.8,1.5,10.25
32.0,75.0,2023-01-13,12.26,79.24,1.94,11.34
32.0,75.625,2023-01-13,12.89,79.73,2.09,10.46
32.0,76.25,2023-01-13,9.22,83.35,1.69,13.64
32.0,76.875,2023-01-13,1.44,91.01,2.04,18.32
32.5,73.125,2023-01-13,6.02,46.04,2.77,2.35
32.5,73.75,2023-01-13,7.87,70.21,1.54,8.63
32.5,74.375,2023-01-13,10.67,81.4,1.42,16.92
32.5,75.0,2023-01-13,10.93,85.45,1.78,19.45
32.5,75.625,2023-01-13,8.2,88.32,1.8,17.17
32.5,76.25,2023-01-13,-0.1,94.94,2.11,17.58
32.5,76.875,2023-01-13,-10.62,99.44,4.33,18.75
33.0,73.125,2023-01-13,4.56,63.52,2.52,2.19
33.0,73.75,2023-01-13,8.86,78.54,1.42,8.99
33.0,74.375,2023-01-13,8.68,89.93,1.83,19.13
33.0,75.0,2023-01-13,6.01,94.61,1.71,23.72
33.0,75.625,2023-01-13,1.29,96.24,1.96,21.31
33.0,76.25,2023-01-13,-7.07,98.43,3.43,19.13
33.0,76.875,2023-01-13,-15.97,98.97,5.94,18.24
29.0,73.125,2023-01-14,9.37,13.69,1.61,0.0
29.0,73.75,2023-01-14,9.13,16.57,1.73,0.0
29.0,74.375,2023-01-14,9.15,17.57,1.91,0.0
29.0,75.0,2023-01-14,9.44,17.51,2.08,0.0
29.0,75.625,2023-01-14,10.11,18.82,2.23,0.0
29.0,76.25,2023-01-14,10.02,31.88,2.23,0.0
29.0,76.875,2023-01-14,10.46,47.91,2.36,0.08
29.5,73.125,2023-01-14,8.59,14.76,1.62,0.0
29.5,73.75,2023-01-14,8.5,16.37,1.71,0.0
29.5,74.375,2023-01-14,8.64,16.29,1.86,0.0
29.5,75.0,2023-01-14,9.1,14.78,1.99,0.0
29.5,75.625,2023-01-14,9.77,18.06,2.08,0.0
29.5,76.25,2023-01-14,9.74,35.25,2.17,0.0
29.5,76.875,2023-01-14,10.6,53.81,2.33,0.32
30.0,73.125,2023-01-14,8.07,16.99,1.64,0.0
30.0,73.75,2023-01-14,8.06,16.81,1.71,0.0
30.0,74.375,2023-01-14,8.26,17.0,1.82,0.0
30.0,75.0,2023-01-14,8.7,18.22,1.87,0.0
30.0,75.625,2023-01-14,9.14,26.74,1.87,0.0
30.0,76.25,2023-01-14,9.61,45.3,2.08,0.0
30.0,76.875,2023-01-14,11.23,61.99,2.11,0.65
30.5,73.125,2023-01-14,7.68,20.25,1.57,0.0
30.5,73.75,2023-01-14,7.83,20.34,1.71,0.02
30.5,74.375,2023-01-14,8.03,22.32,1.75,0.0
30.5,75.0,2023-01-14,8.35,25.84,1.71,0.0
30.5,75.625,2023-01-14,8.83,36.08,1.66,0.0
30.5,76.25,2023-01-14,10.07,55.87,1.8,0.08
30.5,76.875,2023-01-14,11.42,66.0,1.46,0.94
31.0,73.125,2023-01-14,7.31,26.66,1.46,0.1
31.0,73.75,2023-01-14,7.63,27.0,1.76,0.02
31.0,74.375,2023-01-14,7.74,31.68,1.72,0.0
31.0,75.0,2023-01-14,8.24,34.89,1.62,0.0
31.0,75.625,2023-01-14,9.08,47.18,1.51,0.02
31.0,76.25,2023-01-14,10.99,61.94,1.41,0.38
31.0,76.875,2023-01-14,9.32,71.44,0.96,1.47
31.5,73.125,2023-01-14,6.93,36.95,1.55,0.19
31.5,73.75,2023-01-14,7.22,38.94,1.81,0.0
31.5,74.375,2023-01-14,7.54,45.1,1.66,0.0
31.5,75.0,2023-01-14,8.42,46.8,1.51,0.0
31.5,75.625,2023-01-14,9.63,57.52,1.37,0.05
31.5,76.25,2023-01-14,11.03,66.29,1.24,0.64
31.5,76.875,2023-01-14,7.19,74.09,0.95,2.18
32.0,73.125,2023-01-14,6.94,48.27,1.8,0.25
32.0,73.75,2023-01-14,7.1,56.38,1.71,0.0
32.0,74.375,2023-01-14,7.88,61.42,1.45,0.0
32.0,75.0,2023-01-14,9.39,59.4,1.29,0.02
32.0,75.625,2023-01-14,10.39,63.41,1.21,0.12
32.0,76.25,2023-01-14,7.24,71.25,0.94,0.65
32.0,76.875,2023-01-14,-1.07,80.83,1.18,2.19
32.5,73.125,2023-01-14,6.32,60.8,2.13,0.25
32.5,73.75,2023-01-14,7.64,68.47,1.46,0.0
32.5,74.375,2023-01-14,9.26,68.27,1.12,0.01
32.5,75.0,2023-01-14,9.59,65.52,1.12,0.12
32.5,75.625,2023-01-14,7.08,69.84,1.16,0.33
32.5,76.25,2023-01-14,-2.16,80.21,1.16,0.74
32.5,76.875,2023-01-14,-13.82,85.45,1.92,1.79
33.0,73.125,2023-01-14,5.47,72.48,1.63,0.21
33.0,73.75,2023-01-14,8.37,67.84,1.27,0.0
33.0,74.375,2023-01-14,7.49,68.93,1.39,0.09
33.0,75.0,2023-01-14,4.96,73.71,1.19,0.36
33.0,75.625,2023-01-14,-0.32,81.9,1.09,0.66
33.0,76.25,2023-01-14,-10.47,87.3,1.41,0.94
33.0,76.875,2023-01-14,-18.87,88.42,3.52,1.39
29.0,73.125,2023-01-15,10.75,12.6,1.65,0.0
29.0,73.75,2023-01-15,10.16,14.06,1.64,0.0
29.0,74.375,2023-01-15,9.45,15.61,1.82,0.0
29.0,75.0,2023-01-15,8.86,17.23,1.95,0.0
29.0,75.625,2023-01-15,8.53,19.57,2.02,0.0
29.0,76.25,2023-01-15,7.85,31.46,2.04,0.01
29.0,76.875,2023-01-15,7.56,40.16,2.09,0.01
29.5,73.125,2023-01-15,9.86,15.2,1.71,0.0
29.5,73.75,2023-01-15,9.44,17.1,1.7,0.0
29.5,74.375,2023-01-15,8.98,18.11,1.84,0.0
29.5,75.0,2023-01-15,8.71,18.75,1.92,0.0
29.5,75.625,2023-01-15,8.47,23.61,1.98,0.0
29.5,76.25,2023-01-15,7.85,37.21,2.05,0.04
29.5,76.875,2023-01-15,7.99,47.11,2.17,0.02
30.0,73.125,2023-01-15,9.59,18.58,1.66,0.0
30.0,73.75,2023-01-15,9.09,21.06,1.74,0.0
30.0,74.375,2023-01-15,8.82,22.75,1.86,0.0
30.0,75.0,2023-01-15,8.63,25.96,1.93,0.0
30.0,75.625,2023-01-15,8.21,34.76,1.92,0.0
30.0,76.25,2023-01-15,8.02,44.45,2.09,0.07
30.0,76.875,2023-01-15,8.85,52.25,2.18,0.04
30.5,73.125,2023-01-15,9.75,20.61,1.5,0.0
30.5,73.75,2023-01-15,9.05,24.89,1.78,0.0
30.5,74.375,2023-01-15,8.78,29.91,1.86,0.0
30.5,75.0,2023-01-15,8.45,35.03,1.86,0.0
30.5,75.625,2023-01-15,8.1,41.81,1.77,0.0
30.5,76.25,2023-01-15,8.59,48.02,1.91,0.05
30.5,76.875,2023-01-15,9.8,53.19,1.7,0.05
31.0,73.125,2023-01-15,9.6,24.09,1.43,0.0
31.0,73.75,2023-01-15,8.82,31.56,1.84,0.0
31.0,74.375,2023-01-15,8.53,39.91,1.82,0.0
31.0,75.0,2023-01-15,8.35,43.75,1.74,0.0
31.0,75.625,2023-01-15,8.46,47.05,1.56,0.0
31.0,76.25,2023-01-15,9.67,48.37,1.53,0.01
31.0,76.875,2023-01-15,8.76,53.09,1.3,0.03
31.5,73.125,2023-01-15,8.74,32.91,1.52,0.0
31.5,73.75,2023-01-15,8.18,44.07,1.79,0.0
31.5,74.375,2023-01-15,8.19,52.0,1.66,0.0
31.5,75.0,2023-01-15,8.47,51.46,1.52,0.0
31.5,75.625,2023-01-15,9.05,51.68,1.36,0.0
31.5,76.25,2023-01-15,10.22,47.69,1.33,0.0
31.5,76.875,2023-01-15,6.94,47.42,1.21,0.0
32.0,73.125,2023-01-15,8.52,39.97,1.62,0.0
32.0,73.75,2023-01-15,8.16,55.2,1.58,0.0
32.0,74.375,2023-01-15,8.56,59.35,1.34,0.0
32.0,75.0,2023-01-15,9.56,54.82,1.2,0.01
32.0,75.625,2023-01-15,10.31,51.36,1.13,0.0
32.0,76.25,2023-01-15,7.29,48.54,1.05,0.0
32.0,76.875,2023-01-15,-1.49,51.29,1.44,0.0
32.5,73.125,2023-01-15,7.91,48.01,1.85,0.0
32.5,73.75,2023-01-15,9.02,59.84,1.41,0.01
32.5,74.375,2023-01-15,10.25,58.07,1.04,0.03
32.5,75.0,2023-01-15,10.18,54.92,1.12,0.03
32.5,75.625,2023-01-15,7.53,52.78,1.23,0.01
32.5,76.25,2023-01-15,-2.6,57.6,1.43,0.0
32.5,76.875,2023-01-15,-16.45,72.6,1.56,0.0
33.0,73.125,2023-01-15,6.55,60.92,1.64,0.0
33.0,73.75,2023-01-15,9.74,58.03,1.34,0.03
33.0,74.375,2023-01-15,8.88,57.7,1.26,0.08
33.0,75.0,2023-01-15,5.75,58.21,1.31,0.04
33.0,75.625,2023-01-15,-0.08,60.38,1.3,0.01
33.0,76.25,2023-01-15,-11.71,68.18,1.54,0.0
33.0,76.875,2023-01-15,-23.28,81.44,2.48,0.0
29.0,73.125,2023-01-16,12.07,13.24,1.34,0.0
29.0,73.75,2023-01-16,12.25,13.81,0.98,0.0
29.0,74.375,2023-01-16,12.26,13.61,0.86,0.0
29.0,75.0,2023-01-16,11.33,14.78,1.28,0.0
29.0,75.625,2023-01-16,10.24,18.0,1.63,0.0
29.0,76.25,2023-01-16,9.14,31.89,1.77,0.0
29.0,76.875,2023-01-16,8.79,41.99,1.86,0.0
29.5,73.125,2023-01-16,11.87,14.28,1.17,0.0
29.5,73.75,2023-01-16,12.15,14.1,0.86,0.0
29.5,74.375,2023-01-16,11.75,13.87,0.98,0.0
29.5,75.0,2023-01-16,10.68,14.54,1.45,0.0
29.5,75.625,2023-01-16,9.63,19.79,1.74,0.0
29.5,76.25,2023-01-16,8.74,34.86,1.88,0.0
29.5,76.875,2023-01-16,8.7,46.69,2.0,0.0
30.0,73.125,2023-01-16,11.64,15.1,1.06,0.0
30.0,73.75,2023-01-16,11.78,14.28,0.86,0.0
30.0,74.375,2023-01-16,11.05,14.45,1.16,0.0
30.0,75.0,2023-01-16,10.12,17.15,1.56,0.0
30.0,75.625,2023-01-16,9.08,27.83,1.78,0.0
30.0,76.25,2023-01-16,8.61,40.88,2.02,0.0
30.0,76.875,2023-01-16,9.09,50.98,2.05,0.0
30.5,73.125,2023-01-16,11.36,15.35,0.9,0.0
30.5,73.75,2023-01-16,11.17,16.06,0.95,0.0
30.5,74.375,2023-01-16,10.47,18.64,1.27,0.0
30.5,75.0,2023-01-16,9.58,24.3,1.61,0.0
30.5,75.625,2023-01-16,8.79,34.78,1.76,0.0
30.5,76.25,2023-01-16,8.98,44.58,1.99,0.0
30.5,76.875,2023-01-16,9.89,49.39,1.89,0.0
31.0,73.125,2023-01-16,10.49,20.9,1.02,0.0
31.0,73.75,2023-01-16,10.12,24.48,1.2,0.0
31.0,74.375,2023-01-16,9.65,30.7,1.43,0.0
31.0,75.0,2023-01-16,9.2,35.24,1.69,0.0
31.0,75.625,2023-01-16,9.03,40.89,1.72,0.0
31.0,76.25,2023-01-16,9.92,45.12,1.75,0.0
31.0,76.875,2023-01-16,8.39,50.53,1.47,0.0
31.5,73.125,2023-01-16,9.3,28.52,1.23,0.0
31.5,73.75,2023-01-16,8.92,36.27,1.5,0.0
31.5,74.375,2023-01-16,8.9,44.46,1.59,0.0
31.5,75.0,2023-01-16,9.05,45.43,1.68,0.0
31.5,75.625,2023-01-16,9.29,46.51,1.59,0.0
31.5,76.25,2023-01-16,10.1,45.86,1.51,0.0
31.5,76.875,2023-01-16,6.87,49.66,1.25,0.0
32.0,73.125,2023-01-16,8.84,33.78,1.52,0.0
32.0,73.75,2023-01-16,8.36,46.95,1.62,0.0
32.0,74.375,2023-01-16,8.87,52.96,1.61,0.0
32.0,75.0,2023-01-16,9.68,50.26,1.58,0.0
32.0,75.625,2023-01-16,10.14,48.0,1.41,0.0
32.0,76.25,2023-01-16,7.13,47.78,1.18,0.0
32.0,76.875,2023-01-16,-1.73,59.73,1.37,0.0
32.5,73.125,2023-01-16,7.54,45.82,1.74,0.0
32.5,73.75,2023-01-16,8.67,55.55,1.66,0.0
32.5,74.375,2023-01-16,9.98,53.74,1.42,0.0
32.5,75.0,2023-01-16,9.8,50.06,1.41,0.0
32.5,75.625,2023-01-16,7.22,48.71,1.26,0.0
32.5,76.25,2023-01-16,-2.71,58.99,1.3,0.0
32.5,76.875,2023-01-16,-16.96,86.7,1.39,0.0
33.0,73.125,2023-01-16,6.33,61.47,1.64,0.0
33.0,73.75,2023-01-16,9.22,56.75,1.42,0.0
33.0,74.375,2023-01-16,8.03,54.53,1.34,0.0
33.0,75.0,2023-01-16,5.16,55.27,1.26,0.0
33.0,75.625,2023-01-16,-0.14,59.78,1.28,0.0
33.0,76.25,2023-01-16,-12.23,77.9,1.43,0.0
33.0,76.875,2023-01-16,-24.09,92.68,2.32,0.0
29.0,73.125,2023-01-17,12.96,13.82,1.2,0.0
29.0,73.75,2023-01-17,12.92,14.34,1.08,0.0
29.0,74.375,2023-01-17,12.42,14.71,1.23,0.0
29.0,75.0,2023-01-17,11.44,16.08,1.49,0.0
29.0,75.625,2023-01-17,10.48,19.39,1.72,0.0
29.0,76.25,2023-01-17,9.19,32.15,1.84,0.0
29.0,76.875,2023-01-17,8.65,40.08,2.0,0.0
29.5,73.125,2023-01-17,12.98,13.51,1.04,0.0
29.5,73.75,2023-01-17,12.66,14.06,1.13,0.0
29.5,74.375,2023-01-17,11.94,14.86,1.36,0.0
29.5,75.0,2023-01-17,10.93,16.67,1.61,0.0
29.5,75.625,2023-01-17,9.9,22.07,1.79,0.0
29.5,76.25,2023-01-17,8.75,34.7,1.95,0.0
29.5,76.875,2023-01-17,8.58,43.23,2.21,0.0
30.0,73.125,2023-01-17,12.46,14.39,1.16,0.0
30.0,73.75,2023-01-17,12.0,14.76,1.28,0.0
30.0,74.375,2023-01-17,11.28,16.24,1.47,0.0
30.0,75.0,2023-01-17,10.4,19.89,1.69,0.0
30.0,75.625,2023-01-17,9.19,29.04,1.82,0.0
30.0,76.25,2023-01-17,8.46,39.2,2.07,0.0
30.0,76.875,2023-01-17,9.06,46.44,2.32,0.0
30.5,73.125,2023-01-17,11.38,17.13,1.28,0.0
30.5,73.75,2023-01-17,11.07,18.06,1.45,0.0
30.5,74.375,2023-01-17,10.57,20.68,1.56,0.0
30.5,75.0,2023-01-17,9.76,25.54,1.71,0.0
30.5,75.625,2023-01-17,8.67,34.98,1.78,0.0
30.5,76.25,2023-01-17,8.76,42.56,2.04,0.0
30.5,76.875,2023-01-17,9.63,45.09,2.14,0.0
31.0,73.125,2023-01-17,10.56,21.25,1.37,0.0
31.0,73.75,2023-01-17,10.2,24.44,1.64,0.0
31.0,74.375,2023-01-17,9.84,28.66,1.67,0.0
31.0,75.0,2023-01-17,9.29,33.81,1.74,0.0
31.0,75.625,2023-01-17,8.71,40.87,1.74,0.0
31.0,76.25,2023-01-17,9.69,42.84,1.79,0.0
31.0,76.875,2023-01-17,7.84,45.88,1.71,0.0
31.5,73.125,2023-01-17,9.65,28.75,1.48,0.0
31.5,73.75,2023-01-17,9.32,36.31,1.72,0.0
31.5,74.375,2023-01-17,9.22,41.22,1.69,0.0
31.5,75.0,2023-01-17,9.01,44.11,1.69,0.0
31.5,75.625,2023-01-17,9.18,45.45,1.68,0.0
31.5,76.25,2023-01-17,10.24,41.64,1.59,0.0
31.5,76.875,2023-01-17,6.37,44.51,1.48,0.0
32.0,73.125,2023-01-17,9.57,37.04,1.54,0.0
32.0,73.75,2023-01-17,9.04,50.51,1.66,0.0
32.0,74.375,2023-01-17,9.07,53.71,1.63,0.0
32.0,75.0,2023-01-17,9.62,50.07,1.6,0.0
32.0,75.625,2023-01-17,10.33,44.92,1.5,0.0
32.0,76.25,2023-01-17,7.3,43.53,1.37,0.0
32.0,76.875,2023-01-17,-2.33,54.81,1.6,0.0
32.5,73.125,2023-01-17,8.65,48.41,1.74,0.0
32.5,73.75,2023-01-17,9.36,56.11,1.73,0.0
32.5,74.375,2023-01-17,10.46,51.19,1.49,0.0
32.5,75.0,2023-01-17,10.33,45.61,1.41,0.0
32.5,75.625,2023-01-17,7.32,44.56,1.38,0.0
32.5,76.25,2023-01-17,-3.19,57.74,1.44,0.0
32.5,76.875,2023-01-17,-16.88,77.44,1.48,0.0
33.0,73.125,2023-01-17,7.22,59.75,1.77,0.0
33.0,73.75,2023-01-17,9.79,51.58,1.64,0.0
33.0,74.375,2023-01-17,8.47,49.75,1.53,0.0
33.0,75.0,2023-01-17,5.85,45.97,1.35,0.0
33.0,75.625,2023-01-17,0.08,49.82,1.32,0.0
33.0,76.25,2023-01-17,-12.43,70.1,1.51,0.0
33.0,76.875,2023-01-17,-22.54,77.26,1.47,0.0
29.0,73.125,2023-01-18,11.69,17.04,1.82,0.0
29.0,73.75,2023-01-18,11.65,18.17,1.59,0.0
29.0,74.375,2023-01-18,11.88,17.06,1.25,0.0
29.0,75.0,2023-01-18,11.94,16.17,0.89,0.0
29.0,75.625,2023-01-18,11.61,16.93,0.84,0.0
29.0,76.25,2023-01-18,10.39,27.95,1.11,0.0
29.0,76.875,2023-01-18,9.21,37.55,1.42,0.0
29.5,73.125,2023-01-18,11.63,16.02,1.45,0.0
29.5,73.75,2023-01-18,11.93,16.1,1.22,0.0
29.5,74.375,2023-01-18,12.09,15.39,0.9,0.0
29.5,75.0,2023-01-18,11.83,15.86,0.78,0.0
29.5,75.625,2023-01-18,11.05,20.42,1.02,0.0
29.5,76.25,2023-01-18,9.69,34.17,1.33,0.0
29.5,76.875,2023-01-18,8.83,46.24,1.56,0.0
30.0,73.125,2023-01-18,11.95,15.41,1.13,0.0
30.0,73.75,2023-01-18,12.24,14.59,0.87,0.0
30.0,74.375,2023-01-18,12.06,15.33,0.7,0.0
30.0,75.0,2023-01-18,11.37,19.33,0.86,0.0
30.0,75.625,2023-01-18,10.17,28.98,1.18,0.0
30.0,76.25,2023-01-18,9.06,42.76,1.49,0.0
30.0,76.875,2023-01-18,9.19,51.49,1.57,0.0
30.5,73.125,2023-01-18,11.93,16.17,0.82,0.0
30.5,73.75,2023-01-18,11.79,16.66,0.69,0.0
30.5,74.375,2023-01-18,11.48,19.55,0.8,0.0
30.5,75.0,2023-01-18,10.68,26.18,1.02,0.0
30.5,75.625,2023-01-18,9.69,36.31,1.27,0.0
30.5,76.25,2023-01-18,9.44,46.75,1.55,0.0
30.5,76.875,2023-01-18,10.15,48.75,1.46,0.0
31.0,73.125,2023-01-18,11.09,22.22,0.83,0.0
31.0,73.75,2023-01-18,10.75,24.9,0.92,0.0
31.0,74.375,2023-01-18,10.56,29.98,1.03,0.0
31.0,75.0,2023-01-18,10.14,36.41,1.18,0.0
31.0,75.625,2023-01-18,9.85,43.17,1.26,0.0
31.0,76.25,2023-01-18,10.69,46.01,1.36,0.0
31.0,76.875,2023-01-18,8.84,47.14,1.18,0.0
31.5,73.125,2023-01-18,10.19,33.51,1.03,0.0
31.5,73.75,2023-01-18,10.1,38.71,1.16,0.0
31.5,74.375,2023-01-18,10.16,43.47,1.2,0.0
31.5,75.0,2023-01-18,10.14,46.7,1.25,0.0
31.5,75.625,2023-01-18,10.31,48.59,1.15,0.0
31.5,76.25,2023-01-18,11.08,44.3,1.13,0.0
31.5,76.875,2023-01-18,7.44,43.55,1.02,0.0
32.0,73.125,2023-01-18,10.08,40.98,1.2,0.0
32.0,73.75,2023-01-18,9.87,50.99,1.22,0.0
32.0,74.375,2023-01-18,10.24,52.63,1.17,0.0
32.0,75.0,2023-01-18,10.98,50.17,1.21,0.0
32.0,75.625,2023-01-18,11.5,46.55,1.0,0.0
32.0,76.25,2023-01-18,8.32,44.05,0.94,0.0
32.0,76.875,2023-01-18,-0.97,49.14,1.28,0.0
32.5,73.125,2023-01-18,8.9,49.58,1.46,0.0
32.5,73.75,2023-01-18,10.09,54.27,1.31,0.0
32.5,74.375,2023-01-18,11.37,48.87,1.06,0.0
32.5,75.0,2023-01-18,11.27,45.4,1.14,0.0
32.5,75.625,2023-01-18,8.64,42.58,1.01,0.0
32.5,76.25,2023-01-18,-1.08,49.37,1.06,0.0
32.5,76.875,2023-01-18,-14.5,56.72,1.15,0.0
33.0,73.125,2023-01-18,7.51,58.97,1.48,0.0
33.0,73.75,2023-01-18,10.39,50.98,1.33,0.0
33.0,74.375,2023-01-18,9.49,47.49,1.19,0.0
33.0,75.0,2023-01-18,6.91,43.67,0.97,0.0
33.0,75.625,2023-01-18,1.75,43.14,0.94,0.0
33.0,76.25,2023-01-18,-10.09,54.01,1.19,0.0
33.0,76.875,2023-01-18,-19.23,56.09,0.92,0.0
29.0,73.125,2023-01-19,13.02,25.27,2.09,0.72
29.0,73.75,2023-01-19,12.72,25.01,1.78,0.54
29.0,74.375,2023-01-19,12.65,24.84,1.44,0.5
29.0,75.0,2023-01-19,12.74,26.16,1.13,0.65
29.0,75.625,2023-01-19,12.78,28.37,0.86,0.86
29.0,76.25,2023-01-19,12.19,40.06,0.86,0.98
29.0,76.875,2023-01-19,11.94,45.9,0.98,1.06
29.5,73.125,2023-01-19,12.67,24.94,1.65,0.88
29.5,73.75,2023-01-19,12.73,24.81,1.51,0.7
29.5,74.375,2023-01-19,13.04,24.65,1.23,0.66
29.5,75.0,2023-01-19,13.4,25.38,0.89,0.95
29.5,75.625,2023-01-19,13.34,28.82,0.76,1.62
29.5,76.25,2023-01-19,12.71,39.96,0.89,2.72
29.5,76.875,2023-01-19,12.53,46.64,1.02,2.74
30.0,73.125,2023-01-19,12.54,26.02,1.24,0.88
30.0,73.75,2023-01-19,12.81,24.76,1.16,0.63
30.0,74.375,2023-01-19,13.22,24.13,0.99,0.55
30.0,75.0,2023-01-19,13.51,26.2,0.78,0.73
30.0,75.625,2023-01-19,13.09,33.71,0.94,1.2
30.0,76.25,2023-01-19,12.76,42.98,1.23,1.96
30.0,76.875,2023-01-19,12.96,48.01,1.09,2.51
30.5,73.125,2023-01-19,12.6,26.4,1.3,0.71
30.5,73.75,2023-01-19,12.84,25.86,1.07,0.43
30.5,74.375,2023-01-19,13.07,26.5,0.86,0.32
30.5,75.0,2023-01-19,13.14,30.38,0.9,0.35
30.5,75.625,2023-01-19,12.73,38.51,1.16,0.5
30.5,76.25,2023-01-19,13.02,44.46,1.38,0.84
30.5,76.875,2023-01-19,13.89,44.44,1.06,1.53
31.0,73.125,2023-01-19,12.66,28.76,1.22,0.35
31.0,73.75,2023-01-19,13.02,28.95,1.03,0.19
31.0,74.375,2023-01-19,13.06,31.16,0.84,0.12
31.0,75.0,2023-01-19,12.89,35.48,1.0,0.11
31.0,75.625,2023-01-19,12.63,42.02,1.21,0.17
31.0,76.25,2023-01-19,13.52,43.04,1.22,0.42
31.0,76.875,2023-01-19,11.61,47.05,1.16,1.17
31.5,73.125,2023-01-19,12.1,36.69,1.01,0.08
31.5,73.75,2023-01-19,12.59,37.81,0.92,0.05
31.5,74.375,2023-01-19,12.72,38.23,0.91,0.03
31.5,75.0,2023-01-19,12.64,40.17,1.08,0.04
31.5,75.625,2023-01-19,12.55,44.17,1.17,0.11
31.5,76.25,2023-01-19,13.23,43.22,1.1,0.59
31.5,76.875,2023-01-19,9.51,49.95,1.29,1.45
32.0,73.125,2023-01-19,11.38,42.14,1.0,0.01
32.0,73.75,2023-01-19,11.58,49.04,0.96,0.01
32.0,74.375,2023-01-19,12.18,46.52,0.95,0.01
32.0,75.0,2023-01-19,12.63,44.22,1.05,0.04
32.0,75.625,2023-01-19,13.02,43.73,0.93,0.32
32.0,76.25,2023-01-19,9.71,48.13,1.05,1.28
32.0,76.875,2023-01-19,1.63,62.06,1.41,2.18
32.5,73.125,2023-01-19,10.5,47.47,1.13,0.01
32.5,73.75,2023-01-19,11.01,53.94,1.08,0.01
32.5,74.375,2023-01-19,12.16,48.55,0.88,0.03
32.5,75.0,2023-01-19,12.33,42.81,0.9,0.19
32.5,75.625,2023-01-19,9.65,44.7,1.02,0.83
32.5,76.25,2023-01-19,0.35,62.24,1.31,2.03
32.5,76.875,2023-01-19,-11.92,94.35,1.5,2.5
33.0,73.125,2023-01-19,9.02,56.02,1.23,0.01
33.0,73.75,2023-01-19,11.44,48.01,1.02,0.2
33.0,74.375,2023-01-19,10.56,46.59,1.08,0.79
33.0,75.0,2023-01-19,8.02,44.71,1.09,1.41
33.0,75.625,2023-01-19,2.77,54.88,1.18,1.83
33.0,76.25,2023-01-19,-7.96,85.17,1.25,2.28
33.0,76.875,2023-01-19,-17.54,97.68,1.95,2.18
29.0,73.125,2023-01-20,12.61,58.45,2.39,0.64
29.0,73.75,2023-01-20,12.32,59.16,2.56,0.28
29.0,74.375,2023-01-20,12.33,58.37,2.58,0.1
29.0,75.0,2023-01-20,12.33,58.2,2.45,0.15
29.0,75.625,2023-01-20,12.45,58.05,2.38,0.39
29.0,76.25,2023-01-20,12.11,62.77,2.27,0.7
29.0,76.875,2023-01-20,12.47,63.59,2.17,0.38
29.5,73.125,2023-01-20,12.2,63.92,1.72,0.93
29.5,73.75,2023-01-20,12.15,62.8,1.86,0.45
29.5,74.375,2023-01-20,12.19,61.63,1.93,0.16
29.5,75.0,2023-01-20,12.22,60.92,1.99,0.11
29.5,75.625,2023-01-20,12.06,62.0,2.21,0.22
29.5,76.25,2023-01-20,11.89,65.49,2.35,0.56
29.5,76.875,2023-01-20,12.66,64.33,2.4,1.0
30.0,73.125,2023-01-20,11.87,65.73,1.51,1.18
30.0,73.75,2023-01-20,11.67,66.88,1.33,0.67
30.0,74.375,2023-01-20,11.61,66.94,1.64,0.33
30.0,75.0,2023-01-20,11.64,66.45,1.78,0.27
30.0,75.625,2023-01-20,11.38,68.31,1.87,0.49
30.0,76.25,2023-01-20,11.48,69.05,2.16,1.48
30.0,76.875,2023-01-20,12.41,66.47,1.99,2.82
30.5,73.125,2023-01-20,11.8,64.67,1.92,1.2
30.5,73.75,2023-01-20,11.3,68.76,1.31,0.81
30.5,74.375,2023-01-20,10.94,71.78,0.83,0.51
30.5,75.0,2023-01-20,10.65,74.14,1.15,0.51
30.5,75.625,2023-01-20,10.57,75.23,1.55,0.86
30.5,76.25,2023-01-20,11.22,71.98,1.67,2.14
30.5,76.875,2023-01-20,11.37,69.67,1.33,4.37
31.0,73.125,2023-01-20,11.82,63.01,1.94,1.11
31.0,73.75,2023-01-20,11.18,67.99,1.79,0.85
31.0,74.375,2023-01-20,10.44,74.85,1.27,0.73
31.0,75.0,2023-01-20,9.84,79.69,0.82,1.04
31.0,75.625,2023-01-20,9.82,80.41,1.0,2.05
31.0,76.25,2023-01-20,10.52,75.03,1.2,4.06
31.0,76.875,2023-01-20,7.68,78.3,1.23,6.5
31.5,73.125,2023-01-20,11.12,63.55,1.65,0.89
31.5,73.75,2023-01-20,10.91,66.54,1.71,0.94
31.5,74.375,2023-01-20,10.19,74.24,1.69,1.36
31.5,75.0,2023-01-20,9.51,80.99,1.28,2.46
31.5,75.625,2023-01-20,9.14,82.97,0.97,4.82
31.5,76.25,2023-01-20,8.75,81.37,1.04,8.18
31.5,76.875,2023-01-20,4.87,85.37,1.21,10.83
32.0,73.125,2023-01-20,10.67,60.9,1.54,0.65
32.0,73.75,2023-01-20,10.27,67.77,1.69,1.4
32.0,74.375,2023-01-20,9.94,73.57,1.72,2.95
32.0,75.0,2023-01-20,9.49,79.06,1.4,5.25
32.0,75.625,2023-01-20,8.65,81.89,1.05,8.64
32.0,76.25,2023-01-20,5.19,86.09,1.02,12.88
32.0,76.875,2023-01-20,-1.06,91.81,1.29,15.12
32.5,73.125,2023-01-20,10.38,56.49,1.15,0.42
32.5,73.75,2023-01-20,9.77,68.27,1.41,2.25
32.5,74.375,2023-01-20,9.44,74.17,1.45,5.69
32.5,75.0,2023-01-20,8.38,77.17,1.06,9.3
32.5,75.625,2023-01-20,5.13,82.66,0.79,12.24
32.5,76.25,2023-01-20,-1.92,91.2,1.02,15.96
32.5,76.875,2023-01-20,-11.45,98.32,2.04,17.16
33.0,73.125,2023-01-20,8.6,65.2,1.23,0.32
33.0,73.75,2023-01-20,10.01,62.58,1.44,3.19
33.0,74.375,2023-01-20,7.67,68.37,1.04,8.5
33.0,75.0,2023-01-20,4.34,76.05,0.76,12.4
33.0,75.625,2023-01-20,-0.23,87.14,0.87,13.86
33.0,76.25,2023-01-20,-8.1,97.6,1.11,15.95
33.0,76.875,2023-01-20,-16.24,97.92,2.05,17.2
29.0,73.125,2023-01-21,12.71,59.08,1.67,0.0
29.0,73.75,2023-01-21,12.51,60.89,1.65,0.0
29.0,74.375,2023-01-21,12.52,61.07,1.5,0.0
29.0,75.0,2023-01-21,12.69,60.04,1.28,0.0
29.0,75.625,2023-01-21,13.19,57.58,1.13,0.0
29.0,76.25,2023-01-21,13.36,59.81,1.04,0.0
29.0,76.875,2023-01-21,13.75,60.04,1.0,0.0
29.5,73.125,2023-01-21,12.62,59.26,1.33,0.01
29.5,73.75,2023-01-21,12.58,60.99,1.25,0.0
29.5,74.375,2023-01-21,12.58,61.28,1.21,0.0
29.5,75.0,2023-01-21,12.78,59.72,1.22,0.0
29.5,75.625,2023-01-21,13.18,57.46,1.21,0.0
29.5,76.25,2023-01-21,13.27,59.34,1.2,0.0
29.5,76.875,2023-01-21,13.52,61.31,1.08,0.0
30.0,73.125,2023-01-21,12.34,59.58,1.29,0.06
30.0,73.75,2023-01-21,12.33,60.93,1.24,0.0
30.0,74.375,2023-01-21,12.3,61.57,1.24,0.0
30.0,75.0,2023-01-21,12.33,61.59,1.29,0.0
30.0,75.625,2023-01-21,12.63,60.22,1.32,0.0
30.0,76.25,2023-01-21,13.01,59.37,1.35,0.0
30.0,76.875,2023-01-21,13.55,61.5,1.09,0.01
30.5,73.125,2023-01-21,11.76,62.51,1.2,0.16
30.5,73.75,2023-01-21,11.73,63.22,1.2,0.04
30.5,74.375,2023-01-21,11.74,63.96,1.22,0.01
30.5,75.0,2023-01-21,11.62,65.29,1.28,0.01
30.5,75.625,2023-01-21,12.12,63.12,1.35,0.0
30.5,76.25,2023-01-21,13.12,58.17,1.34,0.0
30.5,76.875,2023-01-21,13.12,61.2,1.21,0.05
31.0,73.125,2023-01-21,11.41,64.55,1.08,0.25
31.0,73.75,2023-01-21,11.31,65.09,1.15,0.09
31.0,74.375,2023-01-21,11.23,66.29,1.23,0.02
31.0,75.0,2023-01-21,11.22,67.93,1.27,0.01
31.0,75.625,2023-01-21,12.06,64.77,1.29,0.0
31.0,76.25,2023-01-21,13.1,58.68,1.29,0.01
31.0,76.875,2023-01-21,9.96,66.85,1.49,0.16
31.5,73.125,2023-01-21,10.99,66.87,0.99,0.28
31.5,73.75,2023-01-21,10.85,67.35,1.09,0.12
31.5,74.375,2023-01-21,10.83,68.92,1.18,0.03
31.5,75.0,2023-01-21,11.1,69.48,1.16,0.01
31.5,75.625,2023-01-21,11.88,67.33,1.06,0.04
31.5,76.25,2023-01-21,12.27,62.97,1.25,0.25
31.5,76.875,2023-01-21,7.5,69.42,1.43,0.49
32.0,73.125,2023-01-21,10.45,69.34,0.99,0.33
32.0,73.75,2023-01-21,10.38,71.67,0.97,0.2
32.0,74.375,2023-01-21,10.55,71.16,1.05,0.12
32.0,75.0,2023-01-21,11.29,67.28,1.01,0.23
32.0,75.625,2023-01-21,11.69,66.95,1.13,0.5
32.0,76.25,2023-01-21,8.02,70.73,1.2,0.99
32.0,76.875,2023-01-21,0.07,79.69,1.2,1.25
32.5,73.125,2023-01-21,9.73,72.78,1.05,0.79
32.5,73.75,2023-01-21,10.22,73.3,0.98,0.66
32.5,74.375,2023-01-21,10.91,68.56,1.01,0.86
32.5,75.0,2023-01-21,10.53,67.89,1.19,1.36
32.5,75.625,2023-01-21,7.44,72.9,1.31,2.01
32.5,76.25,2023-01-21,-1.19,84.89,1.41,2.12
32.5,76.875,2023-01-21,-12.46,97.95,2.0,1.95
33.0,73.125,2023-01-21,8.24,80.42,1.06,1.9
33.0,73.75,2023-01-21,10.31,66.7,1.18,2.55
33.0,74.375,2023-01-21,8.78,68.43,1.33,2.94
33.0,75.0,2023-01-21,5.42,77.13,1.27,3.86
33.0,75.625,2023-01-21,0.39,86.74,1.33,4.26
33.0,76.25,2023-01-21,-8.98,96.02,1.51,3.32
33.0,76.875,2023-01-21,-18.32,97.71,2.46,2.09
29.0,73.125,2023-01-22,13.18,48.44,1.52,0.0
29.0,73.75,2023-01-22,13.21,50.25,1.65,0.0
29.0,74.375,2023-01-22,13.54,50.05,1.65,0.0
29.0,75.0,2023-01-22,13.67,50.61,1.58,0.0
29.0,75.625,2023-01-22,13.71,52.0,1.52,0.0
29.0,76.25,2023-01-22,13.29,58.85,1.31,0.0
29.0,76.875,2023-01-22,13.91,57.53,1.03,0.0
29.5,73.125,2023-01-22,12.8,48.34,1.22,0.0
29.5,73.75,2023-01-22,12.98,49.51,1.21,0.0
29.5,74.375,2023-01-22,13.34,49.33,1.28,0.0
29.5,75.0,2023-01-22,13.55,49.06,1.36,0.0
29.5,75.625,2023-01-22,13.42,51.79,1.42,0.0
29.5,76.25,2023-01-22,13.07,58.22,1.28,0.0
29.5,76.875,2023-01-22,13.73,57.93,0.98,0.0
30.0,73.125,2023-01-22,12.43,48.74,1.2,0.0
30.0,73.75,2023-01-22,12.67,48.84,1.25,0.0
30.0,74.375,2023-01-22,12.97,49.45,1.23,0.0
30.0,75.0,2023-01-22,13.09,50.83,1.23,0.0
30.0,75.625,2023-01-22,12.85,55.02,1.34,0.0
30.0,76.25,2023-01-22,12.96,58.41,1.3,0.0
30.0,76.875,2023-01-22,13.83,57.95,0.94,0.0
30.5,73.125,2023-01-22,12.01,50.1,1.21,0.0
30.5,73.75,2023-01-22,12.35,48.92,1.33,0.0
30.5,74.375,2023-01-22,12.56,50.24,1.33,0.0
30.5,75.0,2023-01-22,12.52,53.92,1.28,0.0
30.5,75.625,2023-01-22,12.35,58.53,1.38,0.0
30.5,76.25,2023-01-22,13.19,57.26,1.3,0.0
30.5,76.875,2023-01-22,13.58,55.75,1.16,0.0
31.0,73.125,2023-01-22,11.65,52.76,1.25,0.0
31.0,73.75,2023-01-22,12.0,51.03,1.4,0.0
31.0,74.375,2023-01-22,12.2,52.08,1.44,0.0
31.0,75.0,2023-01-22,12.11,56.76,1.44,0.0
31.0,75.625,2023-01-22,12.19,60.21,1.44,0.0
31.0,76.25,2023-01-22,13.38,56.14,1.29,0.0
31.0,76.875,2023-01-22,10.9,57.73,1.42,0.0
31.5,73.125,2023-01-22,11.22,56.16,1.31,0.0
31.5,73.75,2023-01-22,11.41,56.26,1.45,0.0
31.5,74.375,2023-01-22,11.7,57.0,1.49,0.0
31.5,75.0,2023-01-22,11.86,60.04,1.55,0.0
31.5,75.625,2023-01-22,12.31,60.87,1.47,0.0
31.5,76.25,2023-01-22,12.79,57.21,1.28,0.0
31.5,76.875,2023-01-22,8.41,58.7,1.43,0.0
32.0,73.125,2023-01-22,10.99,57.81,1.47,0.0
32.0,73.75,2023-01-22,11.02,62.01,1.47,0.0
32.0,74.375,2023-01-22,11.37,62.81,1.5,0.01
32.0,75.0,2023-01-22,11.97,62.75,1.57,0.02
32.0,75.625,2023-01-22,12.48,60.87,1.4,0.01
32.0,76.25,2023-01-22,8.99,62.57,1.03,0.0
32.0,76.875,2023-01-22,0.45,67.67,1.28,0.0
32.5,73.125,2023-01-22,10.1,61.86,1.64,0.0
32.5,73.75,2023-01-22,10.74,66.37,1.49,0.0
32.5,74.375,2023-01-22,11.63,64.59,1.37,0.05
32.5,75.0,2023-01-22,11.3,64.65,1.32,0.14
32.5,75.625,2023-01-22,8.49,67.71,1.08,0.11
32.5,76.25,2023-01-22,-0.48,77.84,1.32,0.03
32.5,76.875,2023-01-22,-13.46,92.97,1.78,0.0
33.0,73.125,2023-01-22,7.98,73.14,1.53,0.04
33.0,73.75,2023-01-22,10.78,66.1,1.18,0.09
33.0,74.375,2023-01-22,9.38,68.52,1.11,0.32
33.0,75.0,2023-01-22,5.98,76.6,1.09,0.61
33.0,75.625,2023-01-22,1.18,83.05,1.25,0.43
33.0,76.25,2023-01-22,-9.1,92.47,1.68,0.13
33.0,76.875,2023-01-22,-19.72,96.39,2.44,0.03
29.0,73.125,2023-01-23,14.36,39.57,3.24,0.0
29.0,73.75,2023-01-23,14.43,41.23,3.07,0.0
29.0,74.375,2023-01-23,14.61,42.15,2.77,0.0
29.0,75.0,2023-01-23,14.72,44.08,2.24,0.0
29.0,75.625,2023-01-23,14.93,46.72,1.81,0.0
29.0,76.25,2023-01-23,15.13,52.02,1.37,0.0
29.0,76.875,2023-01-23,15.58,52.33,1.31,0.03
29.5,73.125,2023-01-23,13.88,40.1,2.81,0.0
29.5,73.75,2023-01-23,14.35,39.79,2.74,0.0
29.5,74.375,2023-01-23,14.53,39.63,2.57,0.0
29.5,75.0,2023-01-23,14.56,41.74,2.24,0.0
29.5,75.625,2023-01-23,14.58,45.8,1.91,0.0
29.5,76.25,2023-01-23,14.8,51.24,1.49,0.0
29.5,76.875,2023-01-23,15.57,51.45,1.37,0.0
30.0,73.125,2023-01-23,12.78,41.97,2.36,0.0
30.0,73.75,2023-01-23,13.84,40.29,2.47,0.0
30.0,74.375,2023-01-23,14.13,39.3,2.32,0.0
30.0,75.0,2023-01-23,14.01,42.3,2.11,0.0
30.0,75.625,2023-01-23,13.85,48.7,1.87,0.0
30.0,76.25,2023-01-23,14.35,52.54,1.44,0.0
30.0,76.875,2023-01-23,15.32,51.52,1.32,0.0
30.5,73.125,2023-01-23,11.35,45.49,1.91,0.0
30.5,73.75,2023-01-23,12.88,42.87,2.12,0.0
30.5,74.375,2023-01-23,13.57,41.75,2.08,0.0
30.5,75.0,2023-01-23,13.38,45.22,1.96,0.0
30.5,75.625,2023-01-23,13.2,52.09,1.76,0.0
30.5,76.25,2023-01-23,14.18,53.62,1.3,0.0
30.5,76.875,2023-01-23,14.78,50.54,1.54,0.0
31.0,73.125,2023-01-23,10.6,49.25,1.68,0.0
31.0,73.75,2023-01-23,11.75,47.0,1.87,0.0
31.0,74.375,2023-01-23,12.78,46.25,2.01,0.0
31.0,75.0,2023-01-23,12.87,49.67,2.03,0.0
31.0,75.625,2023-01-23,12.98,54.95,1.87,0.0
31.0,76.25,2023-01-23,14.04,54.23,1.41,0.0
31.0,76.875,2023-01-23,11.62,55.68,1.74,0.0
31.5,73.125,2023-01-23,10.43,52.73,1.66,0.0
31.5,73.75,2023-01-23,10.65,54.0,1.72,0.0
31.5,74.375,2023-01-23,11.63,54.23,1.88,0.0
31.5,75.0,2023-01-23,12.29,55.66,2.06,0.0
31.5,75.625,2023-01-23,12.85,58.12,1.85,0.0
31.5,76.25,2023-01-23,13.47,55.26,1.52,0.0
31.5,76.875,2023-01-23,9.27,57.41,1.61,0.0
32.0,73.125,2023-01-23,10.55,56.07,1.96,0.0
32.0,73.75,2023-01-23,9.92,64.0,1.58,0.01
32.0,74.375,2023-01-23,10.64,65.31,1.84,0.0
32.0,75.0,2023-01-23,11.88,62.4,1.98,0.0
32.0,75.625,2023-01-23,12.71,60.75,1.52,0.0
32.0,76.25,2023-01-23,9.9,59.27,1.29,0.0
32.0,76.875,2023-01-23,1.44,65.66,1.42,0.0
32.5,73.125,2023-01-23,9.8,62.56,2.32,0.03
32.5,73.75,2023-01-23,9.72,70.71,1.66,0.05
32.5,74.375,2023-01-23,10.29,72.08,1.71,0.03
32.5,75.0,2023-01-23,10.88,67.23,1.48,0.0
32.5,75.625,2023-01-23,9.01,66.21,1.33,0.0
32.5,76.25,2023-01-23,0.36,73.76,1.44,0.0
32.5,76.875,2023-01-23,-12.82,92.43,1.73,0.0
33.0,73.125,2023-01-23,8.01,74.61,1.84,0.2
33.0,73.75,2023-01-23,9.54,72.28,1.47,0.27
33.0,74.375,2023-01-23,8.27,74.87,1.06,0.16
33.0,75.0,2023-01-23,6.62,73.51,1.2,0.03
33.0,75.625,2023-01-23,2.35,77.01,1.34,0.0
33.0,76.25,2023-01-23,-8.32,89.82,1.58,0.0
33.0,76.875,2023-01-23,-19.11,95.16,2.35,0.0
29.0,73.125,2023-01-24,13.23,38.68,2.05,0.0
29.0,73.75,2023-01-24,13.22,44.14,1.97,0.03
29.0,74.375,2023-01-24,13.12,50.92,1.76,0.72
29.0,75.0,2023-01-24,13.44,61.41,1.64,2.96
29.0,75.625,2023-01-24,14.59,68.14,1.5,3.82
29.0,76.25,2023-01-24,14.79,75.62,1.88,1.89
29.0,76.875,2023-01-24,15.15,77.5,2.4,1.37
29.5,73.125,2023-01-24,13.1,38.6,1.71,0.0
29.5,73.75,2023-01-24,13.4,43.37,1.62,0.19
29.5,74.375,2023-01-24,13.52,50.7,1.49,1.6
29.5,75.0,2023-01-24,13.43,65.56,1.44,4.32
29.5,75.625,2023-01-24,13.43,77.44,1.51,5.12
29.5,76.25,2023-01-24,13.73,79.69,2.07,2.97
29.5,76.875,2023-01-24,14.49,78.38,2.58,2.1
30.0,73.125,2023-01-24,12.82,39.94,1.58,0.01
30.0,73.75,2023-01-24,13.41,44.2,1.39,0.49
30.0,74.375,2023-01-24,13.78,51.62,1.22,2.36
30.0,75.0,2023-01-24,13.24,66.8,1.42,4.93
30.0,75.625,2023-01-24,12.72,79.38,1.4,5.86
30.0,76.25,2023-01-24,13.38,79.75,1.96,4.32
30.0,76.875,2023-01-24,14.0,78.4,2.64,3.4
30.5,73.125,2023-01-24,12.37,41.97,1.52,0.03
30.5,73.75,2023-01-24,13.13,46.7,1.22,0.76
30.5,74.375,2023-01-24,13.58,54.22,1.09,2.6
30.5,75.0,2023-01-24,12.65,68.97,1.28,5.6
30.5,75.625,2023-01-24,12.44,78.99,1.15,8.02
30.5,76.25,2023-01-24,13.58,78.0,1.73,7.4
30.5,76.875,2023-01-24,13.85,75.82,2.81,5.12
31.0,73.125,2023-01-24,12.06,43.98,1.49,0.05
31.0,73.75,2023-01-24,12.63,50.63,1.17,0.88
31.0,74.375,2023-01-24,13.15,57.98,1.07,2.44
31.0,75.0,2023-01-24,12.3,71.84,1.13,6.79
31.0,75.625,2023-01-24,12.45,78.86,1.0,12.34
31.0,76.25,2023-01-24,13.65,76.5,1.56,12.16
31.0,76.875,2023-01-24,11.86,76.71,2.62,6.9
31.5,73.125,2023-01-24,11.65,47.63,1.4,0.05
31.5,73.75,2023-01-24,12.04,56.7,1.13,0.94
31.5,74.375,2023-01-24,12.71,63.51,0.99,2.61
31.5,75.0,2023-01-24,12.2,75.12,1.0,8.85
31.5,75.625,2023-01-24,12.56,78.18,0.92,17.43
31.5,76.25,2023-01-24,13.05,75.63,1.24,17.4
31.5,76.875,2023-01-24,9.82,77.24,1.81,8.79
32.0,73.125,2023-01-24,11.43,52.22,1.48,0.08
32.0,73.75,2023-01-24,11.71,62.97,1.06,1.08
32.0,74.375,2023-01-24,12.24,69.55,0.93,3.67
32.0,75.0,2023-01-24,12.52,75.51,0.89,11.4
32.0,75.625,2023-01-24,12.92,74.42,1.0,21.32
32.0,76.25,2023-01-24,9.38,78.74,1.29,22.01
32.0,76.875,2023-01-24,2.91,83.42,1.85,11.71
32.5,73.125,2023-01-24,10.43,59.25,1.68,0.21
32.5,73.75,2023-01-24,11.39,67.57,1.07,2.01
32.5,74.375,2023-01-24,12.55,69.22,0.89,5.93
32.5,75.0,2023-01-24,12.17,72.63,1.06,13.85
32.5,75.625,2023-01-24,9.03,78.11,1.22,22.33
32.5,76.25,2023-01-24,0.97,90.32,1.83,23.45
32.5,76.875,2023-01-24,-9.36,99.18,3.89,14.62
33.0,73.125,2023-01-24,8.61,71.72,1.4,1.87
33.0,73.75,2023-01-24,11.44,67.78,1.08,5.61
33.0,74.375,2023-01-24,9.75,75.88,1.34,10.71
33.0,75.0,2023-01-24,6.94,81.99,1.23,16.14
33.0,75.625,2023-01-24,2.04,89.77,1.44,20.15
33.0,76.25,2023-01-24,-6.37,97.78,2.35,20.05
33.0,76.875,2023-01-24,-14.87,98.76,4.47,14.22
29.0,73.125,2023-01-25,12.71,21.98,1.45,0.0
29.0,73.75,2023-01-25,12.17,26.32,1.64,0.14
29.0,74.375,2023-01-25,11.98,31.63,1.69,0.5
29.0,75.0,2023-01-25,11.99,43.08,1.61,0.27
29.0,75.625,2023-01-25,12.82,60.84,1.54,0.02
29.0,76.25,2023-01-25,13.62,69.13,1.25,0.04
29.0,76.875,2023-01-25,14.81,75.98,1.28,0.07
29.5,73.125,2023-01-25,12.08,23.74,1.51,0.01
29.5,73.75,2023-01-25,11.82,28.1,1.57,0.17
29.5,74.375,2023-01-25,11.85,34.33,1.59,0.29
29.5,75.0,2023-01-25,12.07,51.7,1.46,0.12
29.5,75.625,2023-01-25,13.12,66.04,1.28,0.17
29.5,76.25,2023-01-25,13.84,72.69,1.07,0.2
29.5,76.875,2023-01-25,14.95,79.87,1.71,0.24
30.0,73.125,2023-01-25,11.38,27.63,1.53,0.04
30.0,73.75,2023-01-25,11.49,30.58,1.54,0.12
30.0,74.375,2023-01-25,11.83,38.67,1.49,0.03
30.0,75.0,2023-01-25,12.28,56.88,1.33,0.24
30.0,75.625,2023-01-25,13.39,68.02,1.02,0.78
30.0,76.25,2023-01-25,14.18,75.96,1.4,0.94
30.0,76.875,2023-01-25,15.14,83.2,2.1,0.98
30.5,73.125,2023-01-25,10.83,33.32,1.55,0.16
30.5,73.75,2023-01-25,11.29,36.34,1.55,0.16
30.5,74.375,2023-01-25,11.82,45.76,1.35,0.24
30.5,75.0,2023-01-25,12.29,61.67,1.15,0.91
30.5,75.625,2023-01-25,13.21,71.46,0.97,2.42
30.5,76.25,2023-01-25,14.39,80.39,1.77,2.99
30.5,76.875,2023-01-25,14.6,86.37,2.36,2.81
31.0,73.125,2023-01-25,10.46,41.91,1.57,0.37
31.0,73.75,2023-01-25,11.24,44.33,1.52,0.33
31.0,74.375,2023-01-25,11.87,52.38,1.19,0.78
31.0,75.0,2023-01-25,12.25,67.38,1.11,2.14
31.0,75.625,2023-01-25,13.04,76.78,1.18,5.67
31.0,76.25,2023-01-25,14.17,84.41,1.95,6.92
31.0,76.875,2023-01-25,12.13,89.87,2.44,5.33
31.5,73.125,2023-01-25,10.25,53.09,1.57,0.54
31.5,73.75,2023-01-25,11.11,55.4,1.37,0.38
31.5,74.375,2023-01-25,11.82,61.33,1.12,0.92
31.5,75.0,2023-01-25,12.06,74.8,1.14,3.43
31.5,75.625,2023-01-25,12.49,83.47,1.28,10.67
31.5,76.25,2023-01-25,12.83,88.77,1.54,13.24
31.5,76.875,2023-01-25,9.92,90.27,1.99,8.62
32.0,73.125,2023-01-25,10.42,61.56,1.57,0.69
32.0,73.75,2023-01-25,10.93,68.45,1.16,0.34
32.0,74.375,2023-01-25,11.39,73.77,1.18,0.89
32.0,75.0,2023-01-25,11.72,80.71,1.17,5.17
32.0,75.625,2023-01-25,11.36,87.03,1.28,16.23
32.0,76.25,2023-01-25,7.95,95.43,0.9,21.07
32.0,76.875,2023-01-25,2.91,95.9,2.22,12.86
32.5,73.125,2023-01-25,9.57,69.0,1.51,1.03
32.5,73.75,2023-01-25,10.55,75.38,1.17,0.74
32.5,74.375,2023-01-25,11.25,78.22,1.2,2.85
32.5,75.0,2023-01-25,10.43,81.94,1.13,8.79
32.5,75.625,2023-01-25,6.54,91.11,0.86,20.38
32.5,76.25,2023-01-25,-0.13,97.97,1.29,27.03
32.5,76.875,2023-01-25,-7.66,100.0,5.32,17.42
33.0,73.125,2023-01-25,8.03,77.9,1.38,1.11
33.0,73.75,2023-01-25,10.44,75.54,1.33,3.28
33.0,74.375,2023-01-25,8.76,80.56,1.34,8.15
33.0,75.0,2023-01-25,4.92,89.45,0.88,14.39
33.0,75.625,2023-01-25,0.44,95.58,0.78,21.72
33.0,76.25,2023-01-25,-7.0,99.31,2.35,26.62
33.0,76.875,2023-01-25,-12.94,98.47,6.29,20.45
29.0,73.125,2023-01-26,11.12,27.85,1.81,0.0
29.0,73.75,2023-01-26,10.93,30.01,1.87,0.0
29.0,74.375,2023-01-26,10.67,32.2,1.88,0.0
29.0,75.0,2023-01-26,10.5,37.57,1.78,0.0
29.0,75.625,2023-01-26,10.89,41.35,1.67,0.0
29.0,76.25,2023-01-26,11.52,48.58,1.77,0.0
29.0,76.875,2023-01-26,12.89,58.07,2.03,0.0
29.5,73.125,2023-01-26,10.91,30.9,1.67,0.0
29.5,73.75,2023-01-26,10.97,31.28,1.7,0.0
29.5,74.375,2023-01-26,10.85,33.32,1.75,0.0
29.5,75.0,2023-01-26,10.62,41.34,1.72,0.0
29.5,75.625,2023-01-26,10.86,47.88,1.64,0.0
29.5,76.25,2023-01-26,11.75,54.58,1.77,0.01
29.5,76.875,2023-01-26,13.16,64.02,2.01,0.01
30.0,73.125,2023-01-26,10.74,36.13,1.64,0.0
30.0,73.75,2023-01-26,10.95,34.49,1.65,0.0
30.0,74.375,2023-01-26,10.93,36.52,1.66,0.0
30.0,75.0,2023-01-26,10.71,46.57,1.64,0.0
30.0,75.625,2023-01-26,10.97,53.38,1.59,0.01
30.0,76.25,2023-01-26,12.08,60.81,1.8,0.06
30.0,76.875,2023-01-26,13.85,69.45,1.91,0.06
30.5,73.125,2023-01-26,10.4,42.85,1.6,0.0
30.5,73.75,2023-01-26,10.78,41.01,1.59,0.0
30.5,74.375,2023-01-26,10.94,43.73,1.51,0.01
30.5,75.0,2023-01-26,10.83,53.41,1.47,0.01
30.5,75.625,2023-01-26,11.11,60.02,1.51,0.03
30.5,76.25,2023-01-26,12.63,66.9,1.67,0.19
30.5,76.875,2023-01-26,14.03,73.78,1.46,0.19
31.0,73.125,2023-01-26,10.07,49.47,1.56,0.0
31.0,73.75,2023-01-26,10.62,49.34,1.51,0.0
31.0,74.375,2023-01-26,11.04,52.62,1.38,0.02
31.0,75.0,2023-01-26,11.16,60.38,1.35,0.04
31.0,75.625,2023-01-26,11.62,65.94,1.42,0.09
31.0,76.25,2023-01-26,13.1,71.59,1.39,0.38
31.0,76.875,2023-01-26,11.68,79.21,1.39,0.39
31.5,73.125,2023-01-26,9.94,53.95,1.5,0.0
31.5,73.75,2023-01-26,10.48,57.4,1.41,0.0
31.5,74.375,2023-01-26,11.28,60.28,1.27,0.03
31.5,75.0,2023-01-26,11.51,65.91,1.27,0.05
31.5,75.625,2023-01-26,12.05,71.49,1.25,0.24
31.5,76.25,2023-01-26,12.64,75.4,1.2,0.75
31.5,76.875,2023-01-26,9.46,78.17,1.33,0.66
32.0,73.125,2023-01-26,10.3,57.36,1.48,0.01
32.0,73.75,2023-01-26,10.55,64.76,1.22,0.01
32.0,74.375,2023-01-26,11.35,66.42,1.22,0.03
32.0,75.0,2023-01-26,11.72,69.57,1.24,0.16
32.0,75.625,2023-01-26,12.19,72.69,1.12,0.58
32.0,76.25,2023-01-26,8.45,78.47,0.91,1.31
32.0,76.875,2023-01-26,1.31,81.31,1.22,1.12
32.5,73.125,2023-01-26,9.55,65.18,1.46,0.09
32.5,73.75,2023-01-26,10.44,70.12,1.23,0.1
32.5,74.375,2023-01-26,11.22,69.53,1.23,0.16
32.5,75.0,2023-01-26,10.96,70.01,1.11,0.8
32.5,75.625,2023-01-26,7.61,76.61,0.97,1.46
32.5,76.25,2023-01-26,-0.88,81.72,1.38,2.01
32.5,76.875,2023-01-26,-12.42,90.95,2.22,1.75
33.0,73.125,2023-01-26,8.34,74.52,1.28,0.55
33.0,73.75,2023-01-26,10.41,69.94,1.25,0.12
33.0,74.375,2023-01-26,8.97,70.19,1.2,0.64
33.0,75.0,2023-01-26,5.74,76.66,1.08,2.24
33.0,75.625,2023-01-26,1.73,86.26,1.01,2.85
33.0,76.25,2023-01-26,-8.52,90.6,1.68,2.63
33.0,76.875,2023-01-26,-18.88,92.66,3.13,2.2
29.0,73.125,2023-01-27,12.51,27.76,1.55,0.0
29.0,73.75,2023-01-27,12.2,29.57,1.61,0.0
29.0,74.375,2023-01-27,11.75,30.21,1.71,0.0
29.0,75.0,2023-01-27,11.23,32.81,1.81,0.0
29.0,75.625,2023-01-27,10.86,37.56,1.93,0.0
29.0,76.25,2023-01-27,10.59,44.02,2.12,0.0
29.0,76.875,2023-01-27,11.22,48.32,2.45,0.0
29.5,73.125,2023-01-27,12.09,29.48,1.54,0.0
29.5,73.75,2023-01-27,11.9,31.1,1.61,0.0
29.5,74.375,2023-01-27,11.58,31.88,1.71,0.0
29.5,75.0,2023-01-27,11.12,36.14,1.81,0.0
29.5,75.625,2023-01-27,10.74,41.68,1.97,0.0
29.5,76.25,2023-01-27,10.85,45.79,2.27,0.0
29.5,76.875,2023-01-27,11.73,52.82,2.65,0.0
30.0,73.125,2023-01-27,11.66,31.94,1.57,0.0
30.0,73.75,2023-01-27,11.59,33.97,1.66,0.0
30.0,74.375,2023-01-27,11.43,34.53,1.72,0.0
30.0,75.0,2023-01-27,11.03,39.41,1.81,0.0
30.0,75.625,2023-01-27,10.73,43.8,1.97,0.0
30.0,76.25,2023-01-27,11.32,49.34,2.49,0.0
30.0,76.875,2023-01-27,12.9,57.46,2.69,0.0
30.5,73.125,2023-01-27,11.39,34.96,1.62,0.0
30.5,73.75,2023-01-27,11.41,39.15,1.7,0.0
30.5,74.375,2023-01-27,11.34,39.83,1.69,0.0
30.5,75.0,2023-01-27,10.96,42.9,1.74,0.0
30.5,75.625,2023-01-27,10.73,47.56,1.88,0.0
30.5,76.25,2023-01-27,11.8,56.65,2.34,0.0
30.5,76.875,2023-01-27,13.74,55.51,2.11,0.0
31.0,73.125,2023-01-27,11.34,39.55,1.64,0.0
31.0,73.75,2023-01-27,11.37,45.65,1.71,0.0
31.0,74.375,2023-01-27,11.34,46.22,1.66,0.0
31.0,75.0,2023-01-27,11.06,47.37,1.7,0.0
31.0,75.625,2023-01-27,11.02,52.55,1.78,0.0
31.0,76.25,2023-01-27,12.37,58.49,1.93,0.0
31.0,76.875,2023-01-27,12.01,51.68,1.54,0.0
31.5,73.125,2023-01-27,11.31,44.8,1.61,0.0
31.5,73.75,2023-01-27,11.2,52.76,1.67,0.0
31.5,74.375,2023-01-27,11.28,52.61,1.62,0.0
31.5,75.0,2023-01-27,11.1,53.53,1.64,0.0
31.5,75.625,2023-01-27,11.21,59.43,1.69,0.0
31.5,76.25,2023-01-27,12.55,56.6,1.58,0.0
31.5,76.875,2023-01-27,10.35,47.87,1.41,0.0
32.0,73.125,2023-01-27,11.39,48.88,1.66,0.0
32.0,73.75,2023-01-27,11.1,58.29,1.54,0.01
32.0,74.375,2023-01-27,11.13,58.57,1.51,0.04
32.0,75.0,2023-01-27,11.4,59.54,1.56,0.02
32.0,75.625,2023-01-27,12.41,57.9,1.44,0.0
32.0,76.25,2023-01-27,10.02,50.61,0.97,0.0
32.0,76.875,2023-01-27,1.95,50.41,1.4,0.0
32.5,73.125,2023-01-27,10.5,55.86,1.94,0.0
32.5,73.75,2023-01-27,11.11,60.35,1.53,0.07
32.5,74.375,2023-01-27,11.9,58.04,1.28,0.26
32.5,75.0,2023-01-27,12.13,56.57,1.17,0.15
32.5,75.625,2023-01-27,9.62,53.67,1.02,0.0
32.5,76.25,2023-01-27,0.61,48.77,1.42,0.0
32.5,76.875,2023-01-27,-13.58,62.33,1.79,0.0
33.0,73.125,2023-01-27,9.15,64.88,1.7,0.01
33.0,73.75,2023-01-27,11.82,54.92,1.12,0.25
33.0,74.375,2023-01-27,11.11,53.36,1.01,0.68
33.0,75.0,2023-01-27,8.1,56.22,1.05,0.32
33.0,75.625,2023-01-27,2.53,57.09,1.13,0.04
33.0,76.25,2023-01-27,-8.76,57.66,1.66,0.02
33.0,76.875,2023-01-27,-20.48,73.07,2.42,0.02
29.0,73.125,2023-01-28,14.38,22.62,1.04,0.0
29.0,73.75,2023-01-28,14.52,22.87,0.98,0.0
29.0,74.375,2023-01-28,14.28,23.68,1.14,0.0
29.0,75.0,2023-01-28,13.79,26.15,1.34,0.0
29.0,75.625,2023-01-28,13.34,30.38,1.54,0.0
29.0,76.25,2023-01-28,12.66,38.22,1.73,0.0
29.0,76.875,2023-01-28,12.46,42.42,1.95,0.0
29.5,73.125,2023-01-28,13.7,26.33,1.21,0.0
29.5,73.75,2023-01-28,13.97,26.14,1.18,0.0
29.5,74.375,2023-01-28,14.02,25.89,1.23,0.0
29.5,75.0,2023-01-28,13.69,29.27,1.32,0.0
29.5,75.625,2023-01-28,13.13,34.57,1.5,0.0
29.5,76.25,2023-01-28,12.45,40.55,1.8,0.0
29.5,76.875,2023-01-28,12.33,46.77,2.11,0.0
30.0,73.125,2023-01-28,13.39,29.58,1.37,0.0
30.0,73.75,2023-01-28,13.44,30.03,1.35,0.0
30.0,74.375,2023-01-28,13.79,29.08,1.33,0.0
30.0,75.0,2023-01-28,13.63,32.64,1.33,0.0
30.0,75.625,2023-01-28,12.96,37.03,1.5,0.0
30.0,76.25,2023-01-28,12.39,43.88,1.97,0.0
30.0,76.875,2023-01-28,12.96,48.99,1.98,0.0
30.5,73.125,2023-01-28,13.27,31.86,1.51,0.0
30.5,73.75,2023-01-28,13.25,33.98,1.47,0.0
30.5,74.375,2023-01-28,13.52,34.07,1.37,0.0
30.5,75.0,2023-01-28,13.38,36.02,1.31,0.0
30.5,75.625,2023-01-28,12.7,40.48,1.48,0.0
30.5,76.25,2023-01-28,12.76,46.34,1.92,0.0
30.5,76.875,2023-01-28,14.51,41.05,1.55,0.0
31.0,73.125,2023-01-28,12.88,34.63,1.62,0.0
31.0,73.75,2023-01-28,13.01,37.66,1.57,0.0
31.0,74.375,2023-01-28,13.15,39.24,1.38,0.0
31.0,75.0,2023-01-28,13.08,39.69,1.28,0.0
31.0,75.625,2023-01-28,12.72,44.0,1.37,0.0
31.0,76.25,2023-01-28,13.69,43.12,1.56,0.0
31.0,76.875,2023-01-28,12.92,39.05,1.42,0.0
31.5,73.125,2023-01-28,12.3,38.88,1.61,0.0
31.5,73.75,2023-01-28,12.52,42.57,1.6,0.0
31.5,74.375,2023-01-28,12.74,43.81,1.38,0.0
31.5,75.0,2023-01-28,12.69,44.29,1.24,0.0
31.5,75.625,2023-01-28,12.4,48.49,1.26,0.0
31.5,76.25,2023-01-28,13.99,40.73,1.2,0.0
31.5,76.875,2023-01-28,11.23,38.95,1.16,0.0
32.0,73.125,2023-01-28,12.29,43.23,1.77,0.0
32.0,73.75,2023-01-28,12.14,49.38,1.41,0.0
32.0,74.375,2023-01-28,12.3,49.85,1.27,0.0
32.0,75.0,2023-01-28,12.82,47.62,1.25,0.0
32.0,75.625,2023-01-28,13.83,43.5,1.03,0.0
32.0,76.25,2023-01-28,11.52,40.71,0.89,0.0
32.0,76.875,2023-01-28,2.89,46.75,1.5,0.0
32.5,73.125,2023-01-28,11.65,46.41,2.08,0.0
32.5,73.75,2023-01-28,12.56,50.34,1.35,0.0
32.5,74.375,2023-01-28,13.73,45.5,1.12,0.0
32.5,75.0,2023-01-28,14.15,40.54,1.07,0.0
32.5,75.625,2023-01-28,11.83,38.59,0.91,0.0
32.5,76.25,2023-01-28,2.38,46.66,1.33,0.0
32.5,76.875,2023-01-28,-10.97,58.86,1.52,0.0
33.0,73.125,2023-01-28,10.11,57.84,1.62,0.0
33.0,73.75,2023-01-28,13.36,48.06,1.26,0.0
33.0,74.375,2023-01-28,13.09,43.03,1.03,0.01
33.0,75.0,2023-01-28,10.18,39.61,0.98,0.01
33.0,75.625,2023-01-28,4.2,43.96,1.17,0.0
33.0,76.25,2023-01-28,-6.54,53.93,1.57,0.0
33.0,76.875,2023-01-28,-16.1,63.29,1.77,0.0
29.0,73.125,2023-01-29,14.5,45.79,2.31,0.08
29.0,73.75,2023-01-29,14.39,56.91,2.75,0.73
29.0,74.375,2023-01-29,13.52,60.12,3.06,1.72
29.0,75.0,2023-01-29,12.17,62.2,2.96,3.05
29.0,75.625,2023-01-29,11.41,62.59,2.29,5.07
29.0,76.25,2023-01-29,11.57,63.38,1.79,4.14
29.0,76.875,2023-01-29,12.78,53.98,1.71,0.63
29.5,73.125,2023-01-29,14.03,47.07,2.21,0.01
29.5,73.75,2023-01-29,13.69,54.58,2.82,0.17
29.5,74.375,2023-01-29,13.08,56.58,3.07,0.64
29.5,75.0,2023-01-29,12.01,61.14,2.81,1.33
29.5,75.625,2023-01-29,11.26,63.41,2.29,2.53
29.5,76.25,2023-01-29,11.22,65.81,1.86,3.97
29.5,76.875,2023-01-29,12.15,60.98,1.84,1.24
30.0,73.125,2023-01-29,13.99,49.23,2.32,0.02
30.0,73.75,2023-01-29,13.2,53.01,2.84,0.19
30.0,74.375,2023-01-29,12.63,54.21,2.92,0.56
30.0,75.0,2023-01-29,11.8,59.46,2.64,0.95
30.0,75.625,2023-01-29,11.2,62.79,2.35,1.49
30.0,76.25,2023-01-29,11.5,64.7,2.07,2.32
30.0,76.875,2023-01-29,12.45,62.2,2.1,1.59
30.5,73.125,2023-01-29,14.0,49.74,2.45,0.08
30.5,73.75,2023-01-29,12.84,52.54,2.82,0.5
30.5,74.375,2023-01-29,12.13,53.9,2.83,1.0
30.5,75.0,2023-01-29,11.44,58.21,2.52,1.15
30.5,75.625,2023-01-29,11.21,62.01,2.44,1.25
30.5,76.25,2023-01-29,12.12,60.97,2.53,1.54
30.5,76.875,2023-01-29,13.23,54.0,2.46,1.82
31.0,73.125,2023-01-29,13.82,48.88,2.61,0.18
31.0,73.75,2023-01-29,12.62,52.15,2.81,1.06
31.0,74.375,2023-01-29,11.69,55.0,2.78,1.81
31.0,75.0,2023-01-29,11.14,58.65,2.54,1.68
31.0,75.625,2023-01-29,11.26,62.22,2.57,1.45
31.0,76.25,2023-01-29,12.89,56.29,2.88,1.48
31.0,76.875,2023-01-29,11.94,50.45,2.47,2.16
31.5,73.125,2023-01-29,13.46,48.19,2.56,0.18
31.5,73.75,2023-01-29,12.32,52.08,2.54,1.93
31.5,74.375,2023-01-29,11.44,55.88,2.51,2.89
31.5,75.0,2023-01-29,10.85,61.49,2.35,2.46
31.5,75.625,2023-01-29,10.95,65.7,2.32,1.98
31.5,76.25,2023-01-29,12.65,57.16,2.36,1.9
31.5,76.875,2023-01-29,10.8,49.45,1.87,3.42
32.0,73.125,2023-01-29,12.73,51.66,2.37,0.18
32.0,73.75,2023-01-29,11.73,55.53,2.16,2.89
32.0,74.375,2023-01-29,11.02,60.77,2.15,4.02
32.0,75.0,2023-01-29,10.95,64.08,1.94,3.42
32.0,75.625,2023-01-29,11.77,64.0,1.78,2.89
32.0,76.25,2023-01-29,10.32,58.02,1.63,3.13
32.0,76.875,2023-01-29,3.96,55.99,1.51,4.76
32.5,73.125,2023-01-29,11.81,56.74,2.2,0.22
32.5,73.75,2023-01-29,11.11,61.95,1.93,3.67
32.5,74.375,2023-01-29,11.44,62.68,1.76,4.88
32.5,75.0,2023-01-29,11.74,59.94,1.61,4.59
32.5,75.625,2023-01-29,10.15,59.25,1.33,4.32
32.5,76.25,2023-01-29,3.03,61.29,1.41,4.77
32.5,76.875,2023-01-29,-9.03,79.56,1.78,5.57
33.0,73.125,2023-01-29,10.59,64.86,2.15,0.38
33.0,73.75,2023-01-29,11.71,61.02,1.86,3.48
33.0,74.375,2023-01-29,11.22,58.1,1.6,5.31
33.0,75.0,2023-01-29,8.95,58.48,1.28,6.27
33.0,75.625,2023-01-29,4.69,60.21,1.18,6.12
33.0,76.25,2023-01-29,-4.3,69.12,1.42,6.01
33.0,76.875,2023-01-29,-14.11,88.32,2.26,5.46
29.0,73.125,2023-01-30,15.3,37.57,1.48,0.01
29.0,73.75,2023-01-30,16.04,66.8,1.32,0.05
29.0,74.375,2023-01-30,16.54,77.54,1.62,0.33
29.0,75.0,2023-01-30,15.56,79.43,2.28,1.08
29.0,75.625,2023-01-30,14.46,79.31,2.52,2.56
29.0,76.25,2023-01-30,13.33,81.21,2.03,7.9
29.0,76.875,2023-01-30,12.98,77.84,1.69,13.58
29.5,73.125,2023-01-30,14.89,39.95,1.39,0.0
29.5,73.75,2023-01-30,15.52,66.7,1.4,0.04
29.5,74.375,2023-01-30,15.55,78.29,2.07,0.23
29.5,75.0,2023-01-30,14.36,82.18,2.34,0.69
29.5,75.625,2023-01-30,13.64,82.67,2.16,1.62
29.5,76.25,2023-01-30,13.25,82.08,1.76,3.7
29.5,76.875,2023-01-30,13.12,78.75,1.71,9.56
30.0,73.125,2023-01-30,14.52,54.55,1.61,0.06
30.0,73.75,2023-01-30,15.38,66.07,1.68,0.21
30.0,74.375,2023-01-30,14.84,77.44,2.44,0.46
30.0,75.0,2023-01-30,13.52,83.64,2.53,0.84
30.0,75.625,2023-01-30,12.76,85.91,1.97,1.46
30.0,76.25,2023-01-30,12.98,83.02,1.44,2.87
30.0,76.875,2023-01-30,13.03,79.37,1.72,7.48
30.5,73.125,2023-01-30,14.33,64.08,1.93,0.47
30.5,73.75,2023-01-30,15.2,66.91,1.91,0.76
30.5,74.375,2023-01-30,14.3,77.84,2.64,1.09
30.5,75.0,2023-01-30,13.08,84.52,2.68,1.47
30.5,75.625,2023-01-30,12.11,88.67,2.0,2.0
30.5,76.25,2023-01-30,12.59,84.33,1.27,3.37
30.5,76.875,2023-01-30,12.84,76.74,1.81,7.34
31.0,73.125,2023-01-30,14.07,69.85,1.89,1.67
31.0,73.75,2023-01-30,15.02,68.17,2.01,1.95
31.0,74.375,2023-01-30,14.03,78.42,2.78,2.21
31.0,75.0,2023-01-30,13.17,83.57,2.82,2.68
31.0,75.625,2023-01-30,12.37,87.82,2.39,3.45
31.0,76.25,2023-01-30,12.41,85.4,1.63,5.15
31.0,76.875,2023-01-30,10.19,77.72,2.05,8.46
31.5,73.125,2023-01-30,13.84,74.81,1.84,4.1
31.5,73.75,2023-01-30,14.59,71.74,2.07,4.41
31.5,74.375,2023-01-30,13.72,79.93,2.84,4.43
31.5,75.0,2023-01-30,13.0,83.37,3.04,5.48
31.5,75.625,2023-01-30,12.15,86.44,3.06,6.82
31.5,76.25,2023-01-30,10.93,85.58,1.97,8.84
31.5,76.875,2023-01-30,6.91,82.87,1.69,10.7
32.0,73.125,2023-01-30,13.21,81.32,1.94,9.09
32.0,73.75,2023-01-30,13.64,78.95,2.16,9.45
32.0,74.375,2023-01-30,13.11,82.64,2.98,9.54
32.0,75.0,2023-01-30,12.53,84.27,3.31,12.25
32.0,75.625,2023-01-30,11.59,82.59,3.35,14.14
32.0,76.25,2023-01-30,7.03,85.28,2.08,15.48
32.0,76.875,2023-01-30,0.87,88.49,1.13,15.17
32.5,73.125,2023-01-30,11.47,87.85,2.03,16.95
32.5,73.75,2023-01-30,12.59,84.15,2.21,18.19
32.5,74.375,2023-01-30,12.28,85.42,2.86,19.95
32.5,75.0,2023-01-30,11.17,85.15,2.95,24.1
32.5,75.625,2023-01-30,7.67,85.32,2.16,24.76
32.5,76.25,2023-01-30,0.09,89.3,1.2,23.09
32.5,76.875,2023-01-30,-9.1,98.81,2.74,20.28
33.0,73.125,2023-01-30,9.55,92.89,1.95,24.91
33.0,73.75,2023-01-30,11.4,86.3,2.32,29.68
33.0,74.375,2023-01-30,9.14,89.65,2.88,34.07
33.0,75.0,2023-01-30,5.91,90.92,1.89,36.93
33.0,75.625,2023-01-30,1.75,91.95,1.04,33.34
33.0,76.25,2023-01-30,-6.49,98.53,1.43,26.97
33.0,76.875,2023-01-30,-14.24,98.59,3.32,23.04
29.0,73.125,2023-01-31,14.23,56.81,1.97,0.0
29.0,73.75,2023-01-31,14.72,59.57,1.74,0.0
29.0,74.375,2023-01-31,14.89,60.95,1.64,0.0
29.0,75.0,2023-01-31,14.62,64.45,1.77,0.0
29.0,75.625,2023-01-31,14.24,69.22,1.99,0.0
29.0,76.25,2023-01-31,13.73,72.59,2.22,0.0
29.0,76.875,2023-01-31,13.74,74.77,2.58,0.0
29.5,73.125,2023-01-31,13.96,59.2,1.85,0.0
29.5,73.75,2023-01-31,14.48,60.32,1.68,0.02
29.5,74.375,2023-01-31,14.89,61.49,1.6,0.04
29.5,75.0,2023-01-31,14.55,65.18,1.77,0.03
29.5,75.625,2023-01-31,14.13,69.3,2.01,0.01
29.5,76.25,2023-01-31,13.75,72.38,2.34,0.0
29.5,76.875,2023-01-31,13.8,74.45,2.9,0.0
30.0,73.125,2023-01-31,13.82,61.48,1.84,0.06
30.0,73.75,2023-01-31,14.14,61.61,1.65,0.14
30.0,74.375,2023-01-31,14.51,63.18,1.57,0.16
30.0,75.0,2023-01-31,14.15,67.24,1.76,0.17
30.0,75.625,2023-01-31,13.97,69.95,2.02,0.05
30.0,76.25,2023-01-31,13.84,72.8,2.51,0.0
30.0,76.875,2023-01-31,14.0,72.07,3.07,0.0
30.5,73.125,2023-01-31,13.61,63.85,1.84,0.29
30.5,73.75,2023-01-31,13.88,63.92,1.6,0.4
30.5,74.375,2023-01-31,14.0,66.44,1.47,0.41
30.5,75.0,2023-01-31,13.59,70.34,1.67,0.52
30.5,75.625,2023-01-31,13.58,73.07,1.92,0.23
30.5,76.25,2023-01-31,13.83,74.45,2.37,0.02
30.5,76.875,2023-01-31,13.69,66.34,2.72,0.0
31.0,73.125,2023-01-31,13.28,67.06,1.77,0.65
31.0,73.75,2023-01-31,13.71,66.82,1.48,0.69
31.0,74.375,2023-01-31,13.64,69.32,1.38,0.74
31.0,75.0,2023-01-31,13.31,72.72,1.62,1.18
31.0,75.625,2023-01-31,13.33,75.48,1.82,0.87
31.0,76.25,2023-01-31,13.86,73.75,2.01,0.2
31.0,76.875,2023-01-31,10.51,67.46,1.91,0.01
31.5,73.125,2023-01-31,12.99,70.27,1.71,0.86
31.5,73.75,2023-01-31,13.42,70.4,1.37,0.63
31.5,74.375,2023-01-31,13.31,72.78,1.35,0.96
31.5,75.0,2023-01-31,12.93,76.12,1.59,1.76
31.5,75.625,2023-01-31,12.84,77.7,1.71,2.07
31.5,76.25,2023-01-31,12.99,72.52,1.68,0.96
31.5,76.875,2023-01-31,8.34,60.26,1.43,0.1
32.0,73.125,2023-01-31,12.87,72.52,1.65,0.33
32.0,73.75,2023-01-31,12.84,75.37,1.43,0.39
32.0,74.375,2023-01-31,12.78,77.6,1.45,0.91
32.0,75.0,2023-01-31,12.66,77.77,1.63,1.39
32.0,75.625,2023-01-31,12.72,72.53,1.52,2.64
32.0,76.25,2023-01-31,9.07,66.75,1.27,2.43
32.0,76.875,2023-01-31,-0.1,60.17,1.3,0.58
32.5,73.125,2023-01-31,11.87,75.63,1.83,0.03
32.5,73.75,2023-01-31,12.44,77.58,1.68,0.23
32.5,74.375,2023-01-31,12.56,75.53,1.52,0.62
32.5,75.0,2023-01-31,11.95,71.46,1.46,0.51
32.5,75.625,2023-01-31,8.85,69.25,1.29,2.01
32.5,76.25,2023-01-31,-0.38,68.52,1.16,3.74
32.5,76.875,2023-01-31,-14.0,75.37,1.45,1.6
33.0,73.125,2023-01-31,10.38,80.96,1.8,0.02
33.0,73.75,2023-01-31,12.07,71.92,1.64,0.2
33.0,74.375,2023-01-31,10.17,69.67,1.5,0.28
33.0,75.0,2023-01-31,6.42,69.8,1.23,0.14
33.0,75.625,2023-01-31,0.92,74.58,1.09,1.16
33.0,76.25,2023-01-31,-8.7,78.37,1.16,3.54
33.0,76.875,2023-01-31,-18.82,80.16,1.51,2.61
